scriptid,category,file,hits
custcol_pr_prod_url,column,filecabinet:SuiteScripts/prCreateSalesOrderSL.js,2
custcol_pr_prod_url,column,objects:advancedpdftemplate/custtmpl_110_7513000_849.template.xml,2
custcol_pr_prod_url,column,objects:transactioncolumncustomfield/custcol_image_display.xml,1
custcol_pr_prod_url,column,objects:transactioncolumncustomfield/custcol_pr_prod_url.xml,1
custcol_premier_is_bulb,column,filecabinet:SuiteScripts/prCreateSalesOrderSL.js,2
custcol_premier_is_bulb,column,filecabinet:SuiteScripts/pr_client_bulb.js,1
custcol_premier_is_bulb,column,objects:transactioncolumncustomfield/custcol_premier_is_bulb.xml,1
custcol_spec_sheet,column,objects:transactioncolumncustomfield/custcol_spec_sheet.xml,1
custcol_webstore_link,column,objects:transactioncolumncustomfield/custcol_webstore_link.xml,1
custcol_zastro_purchase_price,zastro_column,filecabinet:SuiteScripts/prCreateSalesOrderSL.js,2
custcol_zastro_purchase_price,zastro_column,filecabinet:SuiteScripts/wf_consolidate_items_mr.js,2
custcol_zastro_purchase_price,zastro_column,filecabinet:SuiteScripts/cl_wf_bucket_consolidated.js,1
custcol_zastro_purchase_price,zastro_column,filecabinet:SuiteScripts/wf_consolidate_items.js,1
custcol_zastro_purchase_price,zastro_column,objects:transactioncolumncustomfield/custcol_zastro_purchase_price.xml,1
custcolcustcol_zastro_vendor,zastro_column,filecabinet:SuiteScripts/premier_in_arrear_po_create.js,3
custcolcustcol_zastro_vendor,zastro_column,filecabinet:SuiteScripts/illuminet_auto_create_cr_specials.js,2
custcolcustcol_zastro_vendor,zastro_column,filecabinet:SuiteScripts/illuminet_special_order_data_rec.js,2
custcolcustcol_zastro_vendor,zastro_column,filecabinet:SuiteScripts/prCreateSalesOrderSL.js,2
custcolcustcol_zastro_vendor,zastro_column,filecabinet:SuiteScripts/preGenerateSOLabels.js,2
custcolcustcol_zastro_vendor,zastro_column,filecabinet:SuiteScripts/so_con_connect_unique.js,2
custcolcustcol_zastro_vendor,zastro_column,filecabinet:SuiteScripts/wf_consolidate_items_mr.js,2
custcolcustcol_zastro_vendor,zastro_column,filecabinet:SuiteScripts/cl_wf_bucket_consolidated.js,1
custcolcustcol_zastro_vendor,zastro_column,filecabinet:SuiteScripts/pr_lock_consolidate_cl.js,1
custcolcustcol_zastro_vendor,zastro_column,filecabinet:SuiteScripts/pr_mark_consolidated.js,1
custcolcustcol_zastro_vendor,zastro_column,filecabinet:SuiteScripts/wf_consolidate_items.js,1
custcolcustcol_zastro_vendor,zastro_column,objects:savedsearch/customsearch1466.xml,1
custcolcustcol_zastro_vendor,zastro_column,objects:savedsearch/customsearch1629.xml,1
custcolcustcol_zastro_vendor,zastro_column,objects:savedsearch/customsearch1666.xml,1
custcolcustcol_zastro_vendor,zastro_column,objects:savedsearch/customsearch1688.xml,1
custcolcustcol_zastro_vendor,zastro_column,objects:savedsearch/customsearch2309.xml,1
custcolcustcol_zastro_vendor,zastro_column,objects:savedsearch/customsearch2464.xml,1
custcolcustcol_zastro_vendor,zastro_column,objects:savedsearch/customsearch2481.xml,1
custcolcustcol_zastro_vendor,zastro_column,objects:savedsearch/customsearch2493.xml,1
custcolcustcol_zastro_vendor,zastro_column,objects:savedsearch/customsearch2625.xml,1
custcolcustcol_zastro_vendor,zastro_column,objects:savedsearch/customsearch2626.xml,1
custcolcustcol_zastro_vendor,zastro_column,objects:savedsearch/customsearch2630.xml,1
custcolcustcol_zastro_vendor,zastro_column,objects:savedsearch/customsearch3064.xml,1
custcolcustcol_zastro_vendor,zastro_column,objects:savedsearch/customsearch3327.xml,1
custcolcustcol_zastro_vendor,zastro_column,objects:savedsearch/customsearch3334.xml,1
custcolcustcol_zastro_vendor,zastro_column,objects:savedsearch/customsearch3809.xml,1
custcolcustcol_zastro_vendor,zastro_column,objects:savedsearch/customsearch3819.xml,1
custcolcustcol_zastro_vendor,zastro_column,objects:savedsearch/customsearch497.xml,1
custcolcustcol_zastro_vendor,zastro_column,objects:savedsearch/customsearch564_2.xml,1
custcolcustcol_zastro_vendor,zastro_column,objects:savedsearch/customsearch682.xml,1
custcolcustcol_zastro_vendor,zastro_column,objects:savedsearch/customsearch_dashboard_portlet.xml,1
custcolcustcol_zastro_vendor,zastro_column,objects:savedsearch/customsearch_dashboard_portlet_2.xml,1
custcolcustcol_zastro_vendor,zastro_column,objects:savedsearch/customsearch_dashboard_portlet_2_2.xml,1
custcolcustcol_zastro_vendor,zastro_column,objects:savedsearch/customsearch_pm_no_po.xml,1
custcolcustcol_zastro_vendor,zastro_column,objects:savedsearch/customsearch_pm_no_po_2.xml,1
custcolcustcol_zastro_vendor,zastro_column,objects:savedsearch/customsearch_pm_no_po_3_2_2.xml,1
custcolcustcol_zastro_vendor,zastro_column,objects:savedsearch/customsearch_pm_no_po_3_2_2_2.xml,1
custcolcustcol_zastro_vendor,zastro_column,objects:savedsearch/customsearch_pm_no_po_4.xml,1
custcolcustcol_zastro_vendor,zastro_column,objects:savedsearch/customsearch_pm_upcoming_esd.xml,1
custcolcustcol_zastro_vendor,zastro_column,objects:savedsearch/customsearch_pm_upcoming_esd_2.xml,1
custcolcustcol_zastro_vendor,zastro_column,objects:savedsearch/customsearch_retail_2025_sales.xml,1
custcolcustcol_zastro_vendor,zastro_column,objects:savedsearch/customsearchdealitemsublistview_3.xml,1
custcolcustcol_zastro_vendor,zastro_column,objects:savedsearch/customsearchitemorderssublistview_5.xml,1
custcolcustcol_zastro_vendor,zastro_column,objects:savedsearch/customsearchtransactiondefaultsublist__3.xml,1
custcolcustcol_zastro_vendor,zastro_column,objects:transactioncolumncustomfield/custcolcustcol_zastro_vendor.xml,1
custitem5,repurpose,objects:entryform/custform_128_7513000_144.xml,1
custitem5,repurpose,objects:entryform/custform_174_7513000_794.xml,1
custitem5,repurpose,objects:entryform/custform_217_7513000_136.xml,1
custitem5,repurpose,objects:itemcustomfield/custitem5.xml,1
custitem6,protected,objects:entryform/custform_128_7513000_144.xml,1
custitem6,protected,objects:entryform/custform_174_7513000_794.xml,1
custitem6,protected,objects:entryform/custform_217_7513000_136.xml,1
custitem6,protected,objects:itemcustomfield/custitem6.xml,1
custitem6,protected,objects:savedsearch/customsearch1275.xml,1
custitem6,protected,objects:savedsearch/customsearchvendoritemssublistview_2.xml,1
custitem6,protected,objects:savedsearch/customsearchvendoritemssublistview_4.xml,1
custitem6,protected,objects:transactioncolumncustomfield/custcol_premier_is_bulb.xml,1
custitem7,repurpose,objects:entryform/custform_128_7513000_144.xml,1
custitem7,repurpose,objects:entryform/custform_174_7513000_794.xml,1
custitem7,repurpose,objects:entryform/custform_217_7513000_136.xml,1
custitem7,repurpose,objects:itemcustomfield/custitem7.xml,1
custitem_atlas_closeout,atlas,objects:entryform/custform_128_7513000_144.xml,1
custitem_atlas_closeout,atlas,objects:entryform/custform_174_7513000_794.xml,1
custitem_atlas_closeout,atlas,objects:entryform/custform_217_7513000_136.xml,1
custitem_atlas_department,atlas,objects:entryform/custform_128_7513000_144.xml,1
custitem_atlas_department,atlas,objects:entryform/custform_174_7513000_794.xml,1
custitem_atlas_department,atlas,objects:entryform/custform_217_7513000_136.xml,1
custitem_atlas_department,atlas,objects:entryform/custform_custom_group_item_form.xml,1
custitem_atlas_item_image,atlas,objects:entryform/custform_128_7513000_144.xml,1
custitem_atlas_item_image,atlas,objects:entryform/custform_174_7513000_794.xml,1
custitem_atlas_item_image,atlas,objects:entryform/custform_217_7513000_136.xml,1
custitem_atlas_item_image,atlas,objects:entryform/custform_custom_group_item_form.xml,1
custitem_atlas_item_image,atlas,objects:entryform/custform_custom_noninventory_part_form.xml,1
custitem_atlas_season,atlas,objects:entryform/custform_128_7513000_144.xml,1
custitem_atlas_season,atlas,objects:entryform/custform_174_7513000_794.xml,1
custitem_atlas_season,atlas,objects:entryform/custform_217_7513000_136.xml,1
custitem_atlas_season,atlas,objects:entryform/custform_custom_group_item_form.xml,1
custitem_atlas_style,repurpose,objects:entryform/custform_128_7513000_144.xml,1
custitem_atlas_style,repurpose,objects:entryform/custform_174_7513000_794.xml,1
custitem_atlas_style,repurpose,objects:entryform/custform_217_7513000_136.xml,1
custitem_atlas_style,repurpose,objects:entryform/custform_custom_group_item_form.xml,1
custitem_atlas_style,repurpose,objects:savedsearch/customsearch1104.xml,1
custitem_atlas_style,repurpose,objects:savedsearch/customsearch1467.xml,1
custitem_atlas_style,repurpose,objects:savedsearch/customsearch1759.xml,1
custitem_atlas_style,repurpose,objects:savedsearch/customsearch2338.xml,1
custitem_atlas_style,repurpose,objects:savedsearch/customsearch2340.xml,1
custitem_atlas_style,repurpose,objects:savedsearch/customsearch2506.xml,1
custitem_atlas_style,repurpose,objects:savedsearch/customsearch3812.xml,1
custitem_atlas_style,repurpose,objects:savedsearch/customsearch4045.xml,1
custitem_atlas_style,repurpose,objects:savedsearch/customsearch4286.xml,1
custitem_atlas_style,repurpose,objects:savedsearch/customsearch538.xml,1
custitem_atlas_style,repurpose,objects:savedsearch/customsearch591.xml,1
custitem_atlas_style,repurpose,objects:savedsearch/customsearch920.xml,1
custitem_atlas_style,repurpose,objects:savedsearch/customsearch_item_inactivate.xml,1
custitem_atlas_style,repurpose,objects:savedsearch/customsearch_item_search_by_categoryfi_2.xml,1
custitem_atlas_style,repurpose,objects:savedsearch/customsearch_item_search_by_categoryfini.xml,1
custitem_atlas_style,repurpose,objects:savedsearch/customsearch_items_all_active.xml,1
custitem_atlas_style,repurpose,objects:savedsearch/customsearch_items_all_active_3.xml,1
custitem_atlas_style,repurpose,objects:savedsearch/customsearchitembasicview_6.xml,1
custitem_atlas_style,repurpose,objects:savedsearch/customsearchvendoritemssublistview.xml,1
custitem_atlas_style,repurpose,objects:savedsearch/customsearchvendoritemssublistview_2.xml,1
custitem_atlas_style,repurpose,objects:savedsearch/customsearchvendoritemssublistview_4.xml,1
custitem_atlas_style,repurpose,objects:savedsearch/customsearchvendoritemssublistview_4_2.xml,1
custitem_atlas_style,repurpose,objects:savedsearch/customsearchvendoritemssublistview_6.xml,1
custitem_category,adjacent,objects:entryform/custform_128_7513000_144.xml,1
custitem_category,adjacent,objects:entryform/custform_174_7513000_794.xml,1
custitem_category,adjacent,objects:entryform/custform_217_7513000_136.xml,1
custitem_category,adjacent,objects:entryform/custform_custom_group_item_form.xml,1
custitem_category,adjacent,objects:itemcustomfield/custitem_category.xml,1
custitem_category,adjacent,objects:savedsearch/customsearch482.xml,1
custitem_category,adjacent,objects:savedsearch/customsearch_item_search_by_categoryfi_2.xml,1
custitem_category,adjacent,objects:savedsearch/customsearch_item_search_by_categoryfini.xml,1
custitem_isonline,adjacent,objects:entryform/custform_128_7513000_144.xml,1
custitem_isonline,adjacent,objects:entryform/custform_174_7513000_794.xml,1
custitem_isonline,adjacent,objects:entryform/custform_217_7513000_136.xml,1
custitem_isonline,adjacent,objects:entryform/custform_custom_group_item_form.xml,1
custitem_isonline,adjacent,objects:itemcustomfield/custitem_isonline.xml,1
custitem_isonline,adjacent,objects:savedsearch/customsearch1759.xml,1
custitem_la_active,la_gen2,filecabinet:SuiteScripts/LightsAmericaIntegration/Model/item.js,2
custitem_la_active,la_gen2,filecabinet:SuiteScripts/LightsAmericaIntegration/copy_item_ue_null_la_fields.js,1
custitem_la_active,la_gen2,filecabinet:SuiteScripts/pr_la_item_update.js,1
custitem_la_active,la_gen2,objects:entryform/custform_128_7513000_144.xml,1
custitem_la_active,la_gen2,objects:entryform/custform_174_7513000_794.xml,1
custitem_la_active,la_gen2,objects:entryform/custform_217_7513000_136.xml,1
custitem_la_active,la_gen2,objects:itemcustomfield/custitem_la_active.xml,1
custitem_la_ada,la_field,filecabinet:SuiteScripts/LightsAmericaIntegration/copy_item_ue_null_la_fields.js,1
custitem_la_ada,la_field,filecabinet:SuiteScripts/pr_la_item_update.js,1
custitem_la_ada,la_field,objects:entryform/custform_128_7513000_144.xml,1
custitem_la_ada,la_field,objects:entryform/custform_174_7513000_794.xml,1
custitem_la_ada,la_field,objects:entryform/custform_217_7513000_136.xml,1
custitem_la_ada,la_field,objects:itemcustomfield/custitem_la_ada.xml,1
custitem_la_airflow_efficiency,la_field,filecabinet:SuiteScripts/LightsAmericaIntegration/copy_item_ue_null_la_fields.js,1
custitem_la_airflow_efficiency,la_field,filecabinet:SuiteScripts/pr_la_item_update.js,1
custitem_la_airflow_efficiency,la_field,objects:entryform/custform_128_7513000_144.xml,1
custitem_la_airflow_efficiency,la_field,objects:entryform/custform_174_7513000_794.xml,1
custitem_la_airflow_efficiency,la_field,objects:entryform/custform_217_7513000_136.xml,1
custitem_la_airflow_efficiency,la_field,objects:itemcustomfield/custitem_la_airflow_efficiency.xml,1
custitem_la_alt_small_thumb_1,la_field,objects:entryform/custform_128_7513000_144.xml,1
custitem_la_alt_small_thumb_1,la_field,objects:entryform/custform_174_7513000_794.xml,1
custitem_la_alt_small_thumb_1,la_field,objects:entryform/custform_217_7513000_136.xml,1
custitem_la_alt_small_thumb_1,la_field,objects:itemcustomfield/custitem_la_alt_small_thumb_1.xml,1
custitem_la_base_item_number,la_field,filecabinet:SuiteScripts/Unified Catalog Analysis.js,2
custitem_la_base_item_number,la_field,objects:entryform/custform_128_7513000_144.xml,1
custitem_la_base_item_number,la_field,objects:entryform/custform_174_7513000_794.xml,1
custitem_la_base_item_number,la_field,objects:entryform/custform_217_7513000_136.xml,1
custitem_la_base_item_number,la_field,objects:itemcustomfield/custitem_la_base_item_number.xml,1
custitem_la_beam_spread,la_field,filecabinet:SuiteScripts/LightsAmericaIntegration/copy_item_ue_null_la_fields.js,1
custitem_la_beam_spread,la_field,filecabinet:SuiteScripts/pr_la_item_update.js,1
custitem_la_beam_spread,la_field,objects:entryform/custform_128_7513000_144.xml,1
custitem_la_beam_spread,la_field,objects:entryform/custform_174_7513000_794.xml,1
custitem_la_beam_spread,la_field,objects:entryform/custform_217_7513000_136.xml,1
custitem_la_beam_spread,la_field,objects:itemcustomfield/custitem_la_beam_spread.xml,1
custitem_la_blade_finish,la_field,filecabinet:SuiteScripts/LightsAmericaIntegration/copy_item_ue_null_la_fields.js,1
custitem_la_blade_finish,la_field,filecabinet:SuiteScripts/pr_la_item_update.js,1
custitem_la_blade_finish,la_field,objects:entryform/custform_128_7513000_144.xml,1
custitem_la_blade_finish,la_field,objects:entryform/custform_174_7513000_794.xml,1
custitem_la_blade_finish,la_field,objects:entryform/custform_217_7513000_136.xml,1
custitem_la_blade_finish,la_field,objects:itemcustomfield/custitem_la_blade_finish.xml,1
custitem_la_blade_pitch,la_field,filecabinet:SuiteScripts/LightsAmericaIntegration/copy_item_ue_null_la_fields.js,1
custitem_la_blade_pitch,la_field,filecabinet:SuiteScripts/pr_la_item_update.js,1
custitem_la_blade_pitch,la_field,objects:entryform/custform_128_7513000_144.xml,1
custitem_la_blade_pitch,la_field,objects:entryform/custform_174_7513000_794.xml,1
custitem_la_blade_pitch,la_field,objects:entryform/custform_217_7513000_136.xml,1
custitem_la_blade_pitch,la_field,objects:itemcustomfield/custitem_la_blade_pitch.xml,1
custitem_la_blade_qty,la_field,filecabinet:SuiteScripts/LightsAmericaIntegration/copy_item_ue_null_la_fields.js,1
custitem_la_blade_qty,la_field,filecabinet:SuiteScripts/pr_la_item_update.js,1
custitem_la_blade_qty,la_field,objects:entryform/custform_128_7513000_144.xml,1
custitem_la_blade_qty,la_field,objects:entryform/custform_174_7513000_794.xml,1
custitem_la_blade_qty,la_field,objects:entryform/custform_217_7513000_136.xml,1
custitem_la_blade_qty,la_field,objects:itemcustomfield/custitem_la_blade_qty.xml,1
custitem_la_blade_span,la_field,filecabinet:SuiteScripts/LightsAmericaIntegration/copy_item_ue_null_la_fields.js,1
custitem_la_blade_span,la_field,filecabinet:SuiteScripts/pr_la_item_update.js,1
custitem_la_blade_span,la_field,objects:entryform/custform_128_7513000_144.xml,1
custitem_la_blade_span,la_field,objects:entryform/custform_174_7513000_794.xml,1
custitem_la_blade_span,la_field,objects:entryform/custform_217_7513000_136.xml,1
custitem_la_blade_span,la_field,objects:itemcustomfield/custitem_la_blade_span.xml,1
custitem_la_blade_type,la_field,filecabinet:SuiteScripts/LightsAmericaIntegration/copy_item_ue_null_la_fields.js,1
custitem_la_blade_type,la_field,filecabinet:SuiteScripts/pr_la_item_update.js,1
custitem_la_blade_type,la_field,objects:entryform/custform_128_7513000_144.xml,1
custitem_la_blade_type,la_field,objects:entryform/custform_174_7513000_794.xml,1
custitem_la_blade_type,la_field,objects:entryform/custform_217_7513000_136.xml,1
custitem_la_blade_type,la_field,objects:itemcustomfield/custitem_la_blade_type.xml,1
custitem_la_bulb_base,keep20,filecabinet:SuiteScripts/LightsAmericaIntegration/copy_item_ue_null_la_fields.js,1
custitem_la_bulb_base,keep20,filecabinet:SuiteScripts/pr_la_item_update.js,1
custitem_la_bulb_base,keep20,filecabinet:SuiteScripts/pr_new_la_create_items.js,1
custitem_la_bulb_base,keep20,filecabinet:SuiteScripts/pr_new_la_update_items.js,1
custitem_la_bulb_base,keep20,objects:entryform/custform_128_7513000_144.xml,1
custitem_la_bulb_base,keep20,objects:entryform/custform_174_7513000_794.xml,1
custitem_la_bulb_base,keep20,objects:entryform/custform_217_7513000_136.xml,1
custitem_la_bulb_base,keep20,objects:itemcustomfield/custitem_la_bulb_base.xml,1
custitem_la_bulb_type,keep20,filecabinet:SuiteScripts/LightsAmericaIntegration/copy_item_ue_null_la_fields.js,1
custitem_la_bulb_type,keep20,filecabinet:SuiteScripts/pr_la_item_update.js,1
custitem_la_bulb_type,keep20,filecabinet:SuiteScripts/pr_new_la_create_items.js,1
custitem_la_bulb_type,keep20,filecabinet:SuiteScripts/pr_new_la_update_items.js,1
custitem_la_bulb_type,keep20,objects:entryform/custform_128_7513000_144.xml,1
custitem_la_bulb_type,keep20,objects:entryform/custform_174_7513000_794.xml,1
custitem_la_bulb_type,keep20,objects:entryform/custform_217_7513000_136.xml,1
custitem_la_bulb_type,keep20,objects:itemcustomfield/custitem_la_bulb_type.xml,1
custitem_la_bulbs_included,la_field,filecabinet:SuiteScripts/LightsAmericaIntegration/Model/item.js,2
custitem_la_bulbs_included,la_field,filecabinet:SuiteScripts/pr_la_item_update.js,2
custitem_la_bulbs_included,la_field,filecabinet:SuiteScripts/LightsAmericaIntegration/copy_item_ue_null_la_fields.js,1
custitem_la_bulbs_included,la_field,objects:entryform/custform_128_7513000_144.xml,1
custitem_la_bulbs_included,la_field,objects:entryform/custform_174_7513000_794.xml,1
custitem_la_bulbs_included,la_field,objects:entryform/custform_217_7513000_136.xml,1
custitem_la_bulbs_included,la_field,objects:itemcustomfield/custitem_la_bulbs_included.xml,1
custitem_la_canopy,la_field,objects:entryform/custform_128_7513000_144.xml,1
custitem_la_canopy,la_field,objects:entryform/custform_174_7513000_794.xml,1
custitem_la_canopy,la_field,objects:entryform/custform_217_7513000_136.xml,1
custitem_la_canopy,la_field,objects:itemcustomfield/custitem_la_canopy.xml,1
custitem_la_carton_volume,la_field,filecabinet:SuiteScripts/LightsAmericaIntegration/copy_item_ue_null_la_fields.js,1
custitem_la_carton_volume,la_field,filecabinet:SuiteScripts/pr_la_item_update.js,1
custitem_la_carton_volume,la_field,objects:entryform/custform_128_7513000_144.xml,1
custitem_la_carton_volume,la_field,objects:entryform/custform_174_7513000_794.xml,1
custitem_la_carton_volume,la_field,objects:entryform/custform_217_7513000_136.xml,1
custitem_la_carton_volume,la_field,objects:itemcustomfield/custitem_la_carton_volume.xml,1
custitem_la_cartons_per_unit,la_field,objects:entryform/custform_128_7513000_144.xml,1
custitem_la_cartons_per_unit,la_field,objects:entryform/custform_174_7513000_794.xml,1
custitem_la_cartons_per_unit,la_field,objects:entryform/custform_217_7513000_136.xml,1
custitem_la_cartons_per_unit,la_field,objects:itemcustomfield/custitem_la_cartons_per_unit.xml,1
custitem_la_cfm_range,la_field,objects:entryform/custform_128_7513000_144.xml,1
custitem_la_cfm_range,la_field,objects:entryform/custform_174_7513000_794.xml,1
custitem_la_cfm_range,la_field,objects:entryform/custform_217_7513000_136.xml,1
custitem_la_cfm_range,la_field,objects:itemcustomfield/custitem_la_cfm_range.xml,1
custitem_la_chain,la_field,filecabinet:SuiteScripts/LightsAmericaIntegration/copy_item_ue_null_la_fields.js,1
custitem_la_chain,la_field,filecabinet:SuiteScripts/pr_la_item_update.js,1
custitem_la_chain,la_field,objects:entryform/custform_128_7513000_144.xml,1
custitem_la_chain,la_field,objects:entryform/custform_174_7513000_794.xml,1
custitem_la_chain,la_field,objects:entryform/custform_217_7513000_136.xml,1
custitem_la_chain,la_field,objects:itemcustomfield/custitem_la_chain.xml,1
custitem_la_collection,keep20,filecabinet:SuiteScripts/LightsAmericaIntegration/copy_item_ue_null_la_fields.js,1
custitem_la_collection,keep20,filecabinet:SuiteScripts/pr_la_item_update.js,1
custitem_la_collection,keep20,objects:entryform/custform_128_7513000_144.xml,1
custitem_la_collection,keep20,objects:entryform/custform_174_7513000_794.xml,1
custitem_la_collection,keep20,objects:entryform/custform_217_7513000_136.xml,1
custitem_la_collection,keep20,objects:itemcustomfield/custitem_la_collection.xml,1
custitem_la_collection,keep20,objects:savedsearch/customsearch_item_search_by_categoryfini.xml,1
custitem_la_color_temperature,keep20,filecabinet:SuiteScripts/Unified Catalog Analysis.js,4
custitem_la_color_temperature,keep20,filecabinet:SuiteScripts/item record report.js,2
custitem_la_color_temperature,keep20,filecabinet:SuiteScripts/LightsAmericaIntegration/copy_item_ue_null_la_fields.js,1
custitem_la_color_temperature,keep20,filecabinet:SuiteScripts/pr_la_item_update.js,1
custitem_la_color_temperature,keep20,objects:entryform/custform_128_7513000_144.xml,1
custitem_la_color_temperature,keep20,objects:entryform/custform_174_7513000_794.xml,1
custitem_la_color_temperature,keep20,objects:entryform/custform_217_7513000_136.xml,1
custitem_la_color_temperature,keep20,objects:itemcustomfield/custitem_la_color_temperature.xml,1
custitem_la_color_temperature,keep20,objects:savedsearch/customsearch4045.xml,1
custitem_la_connection,la_field,objects:entryform/custform_128_7513000_144.xml,1
custitem_la_connection,la_field,objects:entryform/custform_174_7513000_794.xml,1
custitem_la_connection,la_field,objects:entryform/custform_217_7513000_136.xml,1
custitem_la_connection,la_field,objects:itemcustomfield/custitem_la_connection.xml,1
custitem_la_cost,retire_resolved,filecabinet:SuiteScripts/LightsAmericaIntegration/copy_item_ue_null_la_fields.js,1
custitem_la_cost,retire_resolved,filecabinet:SuiteScripts/pr_la_item_update.js,1
custitem_la_cost,retire_resolved,objects:entryform/custform_128_7513000_144.xml,1
custitem_la_cost,retire_resolved,objects:entryform/custform_174_7513000_794.xml,1
custitem_la_cost,retire_resolved,objects:entryform/custform_217_7513000_136.xml,1
custitem_la_cost,retire_resolved,objects:itemcustomfield/custitem_la_cost.xml,1
custitem_la_country_of_origin,la_gen2,filecabinet:SuiteScripts/LightsAmericaIntegration/copy_item_ue_null_la_fields.js,1
custitem_la_country_of_origin,la_gen2,filecabinet:SuiteScripts/pr_la_item_update.js,1
custitem_la_country_of_origin,la_gen2,objects:entryform/custform_128_7513000_144.xml,1
custitem_la_country_of_origin,la_gen2,objects:entryform/custform_174_7513000_794.xml,1
custitem_la_country_of_origin,la_gen2,objects:entryform/custform_217_7513000_136.xml,1
custitem_la_country_of_origin,la_gen2,objects:itemcustomfield/custitem_la_country_of_origin.xml,1
custitem_la_cri,keep20,filecabinet:SuiteScripts/LightsAmericaIntegration/copy_item_ue_null_la_fields.js,1
custitem_la_cri,keep20,filecabinet:SuiteScripts/pr_la_item_update.js,1
custitem_la_cri,keep20,objects:entryform/custform_128_7513000_144.xml,1
custitem_la_cri,keep20,objects:entryform/custform_174_7513000_794.xml,1
custitem_la_cri,keep20,objects:entryform/custform_217_7513000_136.xml,1
custitem_la_cri,keep20,objects:itemcustomfield/custitem_la_cri.xml,1
custitem_la_crystal,la_field,filecabinet:SuiteScripts/LightsAmericaIntegration/copy_item_ue_null_la_fields.js,1
custitem_la_crystal,la_field,filecabinet:SuiteScripts/pr_la_item_update.js,1
custitem_la_crystal,la_field,objects:entryform/custform_128_7513000_144.xml,1
custitem_la_crystal,la_field,objects:entryform/custform_174_7513000_794.xml,1
custitem_la_crystal,la_field,objects:entryform/custform_217_7513000_136.xml,1
custitem_la_crystal,la_field,objects:itemcustomfield/custitem_la_crystal.xml,1
custitem_la_dark_sky,la_field,filecabinet:SuiteScripts/LightsAmericaIntegration/copy_item_ue_null_la_fields.js,1
custitem_la_dark_sky,la_field,filecabinet:SuiteScripts/pr_la_item_update.js,1
custitem_la_dark_sky,la_field,objects:entryform/custform_128_7513000_144.xml,1
custitem_la_dark_sky,la_field,objects:entryform/custform_174_7513000_794.xml,1
custitem_la_dark_sky,la_field,objects:entryform/custform_217_7513000_136.xml,1
custitem_la_dark_sky,la_field,objects:itemcustomfield/custitem_la_dark_sky.xml,1
custitem_la_date_available,la_field,objects:entryform/custform_128_7513000_144.xml,1
custitem_la_date_available,la_field,objects:entryform/custform_174_7513000_794.xml,1
custitem_la_date_available,la_field,objects:entryform/custform_217_7513000_136.xml,1
custitem_la_date_available,la_field,objects:itemcustomfield/custitem_la_date_available.xml,1
custitem_la_designer,la_field,filecabinet:SuiteScripts/LightsAmericaIntegration/copy_item_ue_null_la_fields.js,1
custitem_la_designer,la_field,filecabinet:SuiteScripts/pr_la_item_update.js,1
custitem_la_designer,la_field,objects:entryform/custform_128_7513000_144.xml,1
custitem_la_designer,la_field,objects:entryform/custform_174_7513000_794.xml,1
custitem_la_designer,la_field,objects:entryform/custform_217_7513000_136.xml,1
custitem_la_designer,la_field,objects:itemcustomfield/custitem_la_designer.xml,1
custitem_la_dimensional_weight,la_field,filecabinet:SuiteScripts/LightsAmericaIntegration/copy_item_ue_null_la_fields.js,1
custitem_la_dimensional_weight,la_field,filecabinet:SuiteScripts/pr_la_item_update.js,1
custitem_la_dimensional_weight,la_field,objects:entryform/custform_128_7513000_144.xml,1
custitem_la_dimensional_weight,la_field,objects:entryform/custform_174_7513000_794.xml,1
custitem_la_dimensional_weight,la_field,objects:entryform/custform_217_7513000_136.xml,1
custitem_la_dimensional_weight,la_field,objects:itemcustomfield/custitem_la_dimensional_weight.xml,1
custitem_la_dimmable,keep20,filecabinet:SuiteScripts/LightsAmericaIntegration/copy_item_ue_null_la_fields.js,1
custitem_la_dimmable,keep20,filecabinet:SuiteScripts/pr_la_item_update.js,1
custitem_la_dimmable,keep20,objects:entryform/custform_128_7513000_144.xml,1
custitem_la_dimmable,keep20,objects:entryform/custform_174_7513000_794.xml,1
custitem_la_dimmable,keep20,objects:entryform/custform_217_7513000_136.xml,1
custitem_la_dimmable,keep20,objects:itemcustomfield/custitem_la_dimmable.xml,1
custitem_la_drop_ship,retire_resolved,filecabinet:SuiteScripts/LightsAmericaIntegration/copy_item_ue_null_la_fields.js,1
custitem_la_drop_ship,retire_resolved,filecabinet:SuiteScripts/pr_la_item_update.js,1
custitem_la_drop_ship,retire_resolved,objects:entryform/custform_128_7513000_144.xml,1
custitem_la_drop_ship,retire_resolved,objects:entryform/custform_174_7513000_794.xml,1
custitem_la_drop_ship,retire_resolved,objects:entryform/custform_217_7513000_136.xml,1
custitem_la_drop_ship,retire_resolved,objects:itemcustomfield/custitem_la_drop_ship.xml,1
custitem_la_effective_date,la_field,objects:entryform/custform_128_7513000_144.xml,1
custitem_la_effective_date,la_field,objects:entryform/custform_174_7513000_794.xml,1
custitem_la_effective_date,la_field,objects:entryform/custform_217_7513000_136.xml,1
custitem_la_effective_date,la_field,objects:itemcustomfield/custitem_la_effective_date.xml,1
custitem_la_energy_efficient,la_field,objects:entryform/custform_128_7513000_144.xml,1
custitem_la_energy_efficient,la_field,objects:entryform/custform_174_7513000_794.xml,1
custitem_la_energy_efficient,la_field,objects:entryform/custform_217_7513000_136.xml,1
custitem_la_energy_efficient,la_field,objects:itemcustomfield/custitem_la_energy_efficient.xml,1
custitem_la_energy_star,la_field,filecabinet:SuiteScripts/LightsAmericaIntegration/copy_item_ue_null_la_fields.js,1
custitem_la_energy_star,la_field,filecabinet:SuiteScripts/pr_la_item_update.js,1
custitem_la_energy_star,la_field,objects:entryform/custform_128_7513000_144.xml,1
custitem_la_energy_star,la_field,objects:entryform/custform_174_7513000_794.xml,1
custitem_la_energy_star,la_field,objects:entryform/custform_217_7513000_136.xml,1
custitem_la_energy_star,la_field,objects:itemcustomfield/custitem_la_energy_star.xml,1
custitem_la_extension,la_field,filecabinet:SuiteScripts/LightsAmericaIntegration/copy_item_ue_null_la_fields.js,1
custitem_la_extension,la_field,filecabinet:SuiteScripts/pr_la_item_update.js,1
custitem_la_extension,la_field,filecabinet:SuiteScripts/pr_new_la_create_items.js,1
custitem_la_extension,la_field,filecabinet:SuiteScripts/pr_new_la_update_items.js,1
custitem_la_extension,la_field,objects:entryform/custform_128_7513000_144.xml,1
custitem_la_extension,la_field,objects:entryform/custform_174_7513000_794.xml,1
custitem_la_extension,la_field,objects:entryform/custform_217_7513000_136.xml,1
custitem_la_extension,la_field,objects:itemcustomfield/custitem_la_extension.xml,1
custitem_la_fan_airflow,la_field,filecabinet:SuiteScripts/LightsAmericaIntegration/copy_item_ue_null_la_fields.js,1
custitem_la_fan_airflow,la_field,filecabinet:SuiteScripts/pr_la_item_update.js,1
custitem_la_fan_airflow,la_field,objects:entryform/custform_128_7513000_144.xml,1
custitem_la_fan_airflow,la_field,objects:entryform/custform_174_7513000_794.xml,1
custitem_la_fan_airflow,la_field,objects:entryform/custform_217_7513000_136.xml,1
custitem_la_fan_airflow,la_field,objects:itemcustomfield/custitem_la_fan_airflow.xml,1
custitem_la_fan_airflow,la_field,objects:savedsearch/customsearch562.xml,1
custitem_la_fan_control,la_field,filecabinet:SuiteScripts/LightsAmericaIntegration/copy_item_ue_null_la_fields.js,1
custitem_la_fan_control,la_field,filecabinet:SuiteScripts/pr_la_item_update.js,1
custitem_la_fan_control,la_field,objects:entryform/custform_128_7513000_144.xml,1
custitem_la_fan_control,la_field,objects:entryform/custform_174_7513000_794.xml,1
custitem_la_fan_control,la_field,objects:entryform/custform_217_7513000_136.xml,1
custitem_la_fan_control,la_field,objects:itemcustomfield/custitem_la_fan_control.xml,1
custitem_la_fan_downrod,la_field,filecabinet:SuiteScripts/LightsAmericaIntegration/copy_item_ue_null_la_fields.js,1
custitem_la_fan_downrod,la_field,filecabinet:SuiteScripts/pr_la_item_update.js,1
custitem_la_fan_downrod,la_field,objects:entryform/custform_128_7513000_144.xml,1
custitem_la_fan_downrod,la_field,objects:entryform/custform_174_7513000_794.xml,1
custitem_la_fan_downrod,la_field,objects:entryform/custform_217_7513000_136.xml,1
custitem_la_fan_downrod,la_field,objects:itemcustomfield/custitem_la_fan_downrod.xml,1
custitem_la_fan_electricity_use,la_field,filecabinet:SuiteScripts/LightsAmericaIntegration/copy_item_ue_null_la_fields.js,1
custitem_la_fan_electricity_use,la_field,filecabinet:SuiteScripts/pr_la_item_update.js,1
custitem_la_fan_electricity_use,la_field,objects:entryform/custform_128_7513000_144.xml,1
custitem_la_fan_electricity_use,la_field,objects:entryform/custform_174_7513000_794.xml,1
custitem_la_fan_electricity_use,la_field,objects:entryform/custform_217_7513000_136.xml,1
custitem_la_fan_electricity_use,la_field,objects:itemcustomfield/custitem_la_fan_electricity_use.xml,1
custitem_la_fan_mounting_system,la_field,objects:entryform/custform_128_7513000_144.xml,1
custitem_la_fan_mounting_system,la_field,objects:entryform/custform_174_7513000_794.xml,1
custitem_la_fan_mounting_system,la_field,objects:entryform/custform_217_7513000_136.xml,1
custitem_la_fan_mounting_system,la_field,objects:itemcustomfield/custitem_la_fan_mounting_system.xml,1
custitem_la_fan_speeds,la_field,filecabinet:SuiteScripts/LightsAmericaIntegration/copy_item_ue_null_la_fields.js,1
custitem_la_fan_speeds,la_field,filecabinet:SuiteScripts/pr_la_item_update.js,1
custitem_la_fan_speeds,la_field,objects:entryform/custform_128_7513000_144.xml,1
custitem_la_fan_speeds,la_field,objects:entryform/custform_174_7513000_794.xml,1
custitem_la_fan_speeds,la_field,objects:entryform/custform_217_7513000_136.xml,1
custitem_la_fan_speeds,la_field,objects:itemcustomfield/custitem_la_fan_speeds.xml,1
custitem_la_finish,keep20,filecabinet:SuiteScripts/LightsAmericaIntegration/copy_item_ue_null_la_fields.js,1
custitem_la_finish,keep20,objects:entryform/custform_128_7513000_144.xml,1
custitem_la_finish,keep20,objects:entryform/custform_174_7513000_794.xml,1
custitem_la_finish,keep20,objects:entryform/custform_217_7513000_136.xml,1
custitem_la_finish,keep20,objects:itemcustomfield/custitem_la_finish.xml,1
custitem_la_finish,keep20,objects:savedsearch/customsearch3835.xml,1
custitem_la_finish,keep20,objects:savedsearch/customsearch3836.xml,1
custitem_la_finish,keep20,objects:savedsearch/customsearch_atlas_prch_item_chng_rpt_2.xml,1
custitem_la_finish,keep20,objects:savedsearch/customsearchvendoritemssublistview_8.xml,1
custitem_la_gas,la_field,objects:entryform/custform_128_7513000_144.xml,1
custitem_la_gas,la_field,objects:entryform/custform_174_7513000_794.xml,1
custitem_la_gas,la_field,objects:entryform/custform_217_7513000_136.xml,1
custitem_la_gas,la_field,objects:itemcustomfield/custitem_la_gas.xml,1
custitem_la_has_imap,la_field,objects:entryform/custform_128_7513000_144.xml,1
custitem_la_has_imap,la_field,objects:entryform/custform_174_7513000_794.xml,1
custitem_la_has_imap,la_field,objects:entryform/custform_217_7513000_136.xml,1
custitem_la_has_imap,la_field,objects:itemcustomfield/custitem_la_has_imap.xml,1
custitem_la_height,keep20,filecabinet:SuiteScripts/LightsAmericaIntegration/copy_item_ue_null_la_fields.js,1
custitem_la_height,keep20,filecabinet:SuiteScripts/pr_la_item_update.js,1
custitem_la_height,keep20,filecabinet:SuiteScripts/pr_new_la_create_items.js,1
custitem_la_height,keep20,filecabinet:SuiteScripts/pr_new_la_update_items.js,1
custitem_la_height,keep20,objects:entryform/custform_128_7513000_144.xml,1
custitem_la_height,keep20,objects:entryform/custform_174_7513000_794.xml,1
custitem_la_height,keep20,objects:entryform/custform_217_7513000_136.xml,1
custitem_la_height,keep20,objects:itemcustomfield/custitem_la_height.xml,1
custitem_la_image,keep20,filecabinet:SuiteScripts/Unified Catalog Analysis.js,3
custitem_la_image,keep20,filecabinet:SuiteScripts/illuminet_order_consolidated_sl.js,2
custitem_la_image,keep20,filecabinet:SuiteScripts/lyte_sl_add_item.js,2
custitem_la_image,keep20,filecabinet:SuiteScripts/pr_sl_add_item.js,2
custitem_la_image,keep20,filecabinet:SuiteScripts/LightsAmericaIntegration/copy_item_ue_null_la_fields.js,1
custitem_la_image,keep20,filecabinet:SuiteScripts/pr_la_item_update.js,1
custitem_la_image,keep20,filecabinet:SuiteScripts/pr_new_la_create_items.js,1
custitem_la_image,keep20,filecabinet:SuiteScripts/pr_new_la_update_items.js,1
custitem_la_image,keep20,objects:entryform/custform_128_7513000_144.xml,1
custitem_la_image,keep20,objects:entryform/custform_174_7513000_794.xml,1
custitem_la_image,keep20,objects:entryform/custform_217_7513000_136.xml,1
custitem_la_image,keep20,objects:itemcustomfield/custitem_la_image.xml,1
custitem_la_image,keep20,objects:savedsearch/customsearch2629.xml,1
custitem_la_image,keep20,objects:savedsearch/customsearch426.xml,1
custitem_la_image,keep20,objects:savedsearch/customsearch939.xml,1
custitem_la_image,keep20,objects:transactioncolumncustomfield/custcol_pr_prod_url.xml,1
custitem_la_imap_multiplier,la_field,objects:entryform/custform_128_7513000_144.xml,1
custitem_la_imap_multiplier,la_field,objects:entryform/custform_174_7513000_794.xml,1
custitem_la_imap_multiplier,la_field,objects:entryform/custform_217_7513000_136.xml,1
custitem_la_imap_multiplier,la_field,objects:itemcustomfield/custitem_la_imap_multiplier.xml,1
custitem_la_inactivedate,la_gen2,filecabinet:SuiteScripts/LightsAmericaIntegration/Model/item.js,1
custitem_la_inactivedate,la_gen2,objects:entryform/custform_128_7513000_144.xml,1
custitem_la_inactivedate,la_gen2,objects:entryform/custform_174_7513000_794.xml,1
custitem_la_inactivedate,la_gen2,objects:entryform/custform_217_7513000_136.xml,1
custitem_la_inactivedate,la_gen2,objects:itemcustomfield/custitem_la_inactivedate.xml,1
custitem_la_instructions,la_field,filecabinet:SuiteScripts/LightsAmericaIntegration/copy_item_ue_null_la_fields.js,1
custitem_la_instructions,la_field,filecabinet:SuiteScripts/pr_la_item_update.js,1
custitem_la_instructions,la_field,objects:entryform/custform_128_7513000_144.xml,1
custitem_la_instructions,la_field,objects:entryform/custform_174_7513000_794.xml,1
custitem_la_instructions,la_field,objects:entryform/custform_217_7513000_136.xml,1
custitem_la_instructions,la_field,objects:itemcustomfield/custitem_la_instructions.xml,1
custitem_la_intro_date,la_field,filecabinet:SuiteScripts/LightsAmericaIntegration/copy_item_ue_null_la_fields.js,1
custitem_la_intro_date,la_field,filecabinet:SuiteScripts/pr_la_item_update.js,1
custitem_la_intro_date,la_field,objects:entryform/custform_128_7513000_144.xml,1
custitem_la_intro_date,la_field,objects:entryform/custform_174_7513000_794.xml,1
custitem_la_intro_date,la_field,objects:entryform/custform_217_7513000_136.xml,1
custitem_la_intro_date,la_field,objects:itemcustomfield/custitem_la_intro_date.xml,1
custitem_la_la_category,la_field,objects:entryform/custform_128_7513000_144.xml,1
custitem_la_la_category,la_field,objects:entryform/custform_174_7513000_794.xml,1
custitem_la_la_category,la_field,objects:entryform/custform_217_7513000_136.xml,1
custitem_la_la_category,la_field,objects:itemcustomfield/custitem_la_la_category.xml,1
custitem_la_la_finish,la_field,objects:entryform/custform_128_7513000_144.xml,1
custitem_la_la_finish,la_field,objects:entryform/custform_174_7513000_794.xml,1
custitem_la_la_finish,la_field,objects:entryform/custform_217_7513000_136.xml,1
custitem_la_la_finish,la_field,objects:itemcustomfield/custitem_la_la_finish.xml,1
custitem_la_la_glass,la_field,objects:entryform/custform_128_7513000_144.xml,1
custitem_la_la_glass,la_field,objects:entryform/custform_174_7513000_794.xml,1
custitem_la_la_glass,la_field,objects:entryform/custform_217_7513000_136.xml,1
custitem_la_la_glass,la_field,objects:itemcustomfield/custitem_la_la_glass.xml,1
custitem_la_la_height_range,la_field,objects:entryform/custform_128_7513000_144.xml,1
custitem_la_la_height_range,la_field,objects:entryform/custform_174_7513000_794.xml,1
custitem_la_la_height_range,la_field,objects:entryform/custform_217_7513000_136.xml,1
custitem_la_la_height_range,la_field,objects:itemcustomfield/custitem_la_la_height_range.xml,1
custitem_la_la_mfg_id,la_field,objects:entryform/custform_128_7513000_144.xml,1
custitem_la_la_mfg_id,la_field,objects:entryform/custform_174_7513000_794.xml,1
custitem_la_la_mfg_id,la_field,objects:entryform/custform_217_7513000_136.xml,1
custitem_la_la_mfg_id,la_field,objects:itemcustomfield/custitem_la_la_mfg_id.xml,1
custitem_la_la_mount,la_field,objects:entryform/custform_128_7513000_144.xml,1
custitem_la_la_mount,la_field,objects:entryform/custform_174_7513000_794.xml,1
custitem_la_la_mount,la_field,objects:entryform/custform_217_7513000_136.xml,1
custitem_la_la_mount,la_field,objects:itemcustomfield/custitem_la_la_mount.xml,1
custitem_la_la_style_1,la_field,objects:entryform/custform_128_7513000_144.xml,1
custitem_la_la_style_1,la_field,objects:entryform/custform_174_7513000_794.xml,1
custitem_la_la_style_1,la_field,objects:entryform/custform_217_7513000_136.xml,1
custitem_la_la_style_1,la_field,objects:itemcustomfield/custitem_la_la_style_1.xml,1
custitem_la_la_type,la_field,objects:entryform/custform_128_7513000_144.xml,1
custitem_la_la_type,la_field,objects:entryform/custform_174_7513000_794.xml,1
custitem_la_la_type,la_field,objects:entryform/custform_217_7513000_136.xml,1
custitem_la_la_type,la_field,objects:itemcustomfield/custitem_la_la_type.xml,1
custitem_la_la_voltage_range,la_field,objects:entryform/custform_128_7513000_144.xml,1
custitem_la_la_voltage_range,la_field,objects:entryform/custform_174_7513000_794.xml,1
custitem_la_la_voltage_range,la_field,objects:entryform/custform_217_7513000_136.xml,1
custitem_la_la_voltage_range,la_field,objects:itemcustomfield/custitem_la_la_voltage_range.xml,1
custitem_la_la_width_range,la_field,objects:entryform/custform_128_7513000_144.xml,1
custitem_la_la_width_range,la_field,objects:entryform/custform_174_7513000_794.xml,1
custitem_la_la_width_range,la_field,objects:entryform/custform_217_7513000_136.xml,1
custitem_la_la_width_range,la_field,objects:itemcustomfield/custitem_la_la_width_range.xml,1
custitem_la_led,la_field,objects:entryform/custform_128_7513000_144.xml,1
custitem_la_led,la_field,objects:entryform/custform_174_7513000_794.xml,1
custitem_la_led,la_field,objects:entryform/custform_217_7513000_136.xml,1
custitem_la_led,la_field,objects:itemcustomfield/custitem_la_led.xml,1
custitem_la_length,keep20,filecabinet:SuiteScripts/LightsAmericaIntegration/copy_item_ue_null_la_fields.js,1
custitem_la_length,keep20,filecabinet:SuiteScripts/pr_la_item_update.js,1
custitem_la_length,keep20,filecabinet:SuiteScripts/pr_new_la_create_items.js,1
custitem_la_length,keep20,filecabinet:SuiteScripts/pr_new_la_update_items.js,1
custitem_la_length,keep20,objects:entryform/custform_128_7513000_144.xml,1
custitem_la_length,keep20,objects:entryform/custform_174_7513000_794.xml,1
custitem_la_length,keep20,objects:entryform/custform_217_7513000_136.xml,1
custitem_la_length,keep20,objects:itemcustomfield/custitem_la_length.xml,1
custitem_la_light_kit,la_field,filecabinet:SuiteScripts/LightsAmericaIntegration/copy_item_ue_null_la_fields.js,1
custitem_la_light_kit,la_field,filecabinet:SuiteScripts/pr_la_item_update.js,1
custitem_la_light_kit,la_field,objects:entryform/custform_128_7513000_144.xml,1
custitem_la_light_kit,la_field,objects:entryform/custform_174_7513000_794.xml,1
custitem_la_light_kit,la_field,objects:entryform/custform_217_7513000_136.xml,1
custitem_la_light_kit,la_field,objects:itemcustomfield/custitem_la_light_kit.xml,1
custitem_la_light_output,keep20,filecabinet:SuiteScripts/LightsAmericaIntegration/copy_item_ue_null_la_fields.js,1
custitem_la_light_output,keep20,filecabinet:SuiteScripts/pr_la_item_update.js,1
custitem_la_light_output,keep20,objects:entryform/custform_128_7513000_144.xml,1
custitem_la_light_output,keep20,objects:entryform/custform_174_7513000_794.xml,1
custitem_la_light_output,keep20,objects:entryform/custform_217_7513000_136.xml,1
custitem_la_light_output,keep20,objects:itemcustomfield/custitem_la_light_output.xml,1
custitem_la_light_source,la_field,filecabinet:SuiteScripts/LightsAmericaIntegration/copy_item_ue_null_la_fields.js,1
custitem_la_light_source,la_field,filecabinet:SuiteScripts/pr_la_item_update.js,1
custitem_la_light_source,la_field,objects:entryform/custform_128_7513000_144.xml,1
custitem_la_light_source,la_field,objects:entryform/custform_174_7513000_794.xml,1
custitem_la_light_source,la_field,objects:entryform/custform_217_7513000_136.xml,1
custitem_la_light_source,la_field,objects:itemcustomfield/custitem_la_light_source.xml,1
custitem_la_list_price,retire_resolved,filecabinet:SuiteScripts/Unified Catalog Analysis.js,4
custitem_la_list_price,retire_resolved,filecabinet:SuiteScripts/item record report.js,2
custitem_la_list_price,retire_resolved,filecabinet:SuiteScripts/LightsAmericaIntegration/copy_item_ue_null_la_fields.js,1
custitem_la_list_price,retire_resolved,filecabinet:SuiteScripts/pr_la_item_update.js,1
custitem_la_list_price,retire_resolved,objects:entryform/custform_128_7513000_144.xml,1
custitem_la_list_price,retire_resolved,objects:entryform/custform_174_7513000_794.xml,1
custitem_la_list_price,retire_resolved,objects:entryform/custform_217_7513000_136.xml,1
custitem_la_list_price,retire_resolved,objects:itemcustomfield/custitem_la_list_price.xml,1
custitem_la_list_price,retire_resolved,objects:savedsearch/customsearch1467.xml,1
custitem_la_list_price,retire_resolved,objects:savedsearch/customsearch3812.xml,1
custitem_la_list_price,retire_resolved,objects:savedsearch/customsearch_jwwrecently_created_items.xml,1
custitem_la_list_price,retire_resolved,objects:savedsearch/customsearchvendoritemssublistview_6.xml,1
custitem_la_manufacturer_category,la_field,objects:entryform/custform_128_7513000_144.xml,1
custitem_la_manufacturer_category,la_field,objects:entryform/custform_174_7513000_794.xml,1
custitem_la_manufacturer_category,la_field,objects:entryform/custform_217_7513000_136.xml,1
custitem_la_manufacturer_category,la_field,objects:itemcustomfield/custitem_la_manufacturer_category.xml,1
custitem_la_manufacturer_finish,retire_resolved,filecabinet:SuiteScripts/Unified Catalog Analysis.js,4
custitem_la_manufacturer_finish,retire_resolved,filecabinet:SuiteScripts/item record report.js,2
custitem_la_manufacturer_finish,retire_resolved,filecabinet:SuiteScripts/pr_la_item_update.js,1
custitem_la_manufacturer_finish,retire_resolved,objects:entryform/custform_128_7513000_144.xml,1
custitem_la_manufacturer_finish,retire_resolved,objects:entryform/custform_174_7513000_794.xml,1
custitem_la_manufacturer_finish,retire_resolved,objects:entryform/custform_217_7513000_136.xml,1
custitem_la_manufacturer_finish,retire_resolved,objects:itemcustomfield/custitem_la_manufacturer_finish.xml,1
custitem_la_manufacturer_finish,retire_resolved,objects:savedsearch/customsearch_item_search_by_categoryfi_2.xml,1
custitem_la_manufacturer_finish,retire_resolved,objects:savedsearch/customsearch_item_search_by_categoryfini.xml,1
custitem_la_manufacturer_glass,la_field,filecabinet:SuiteScripts/Unified Catalog Analysis.js,4
custitem_la_manufacturer_glass,la_field,filecabinet:SuiteScripts/item record report.js,2
custitem_la_manufacturer_glass,la_field,filecabinet:SuiteScripts/LightsAmericaIntegration/copy_item_ue_null_la_fields.js,1
custitem_la_manufacturer_glass,la_field,filecabinet:SuiteScripts/pr_la_item_update.js,1
custitem_la_manufacturer_glass,la_field,objects:entryform/custform_128_7513000_144.xml,1
custitem_la_manufacturer_glass,la_field,objects:entryform/custform_174_7513000_794.xml,1
custitem_la_manufacturer_glass,la_field,objects:entryform/custform_217_7513000_136.xml,1
custitem_la_manufacturer_glass,la_field,objects:itemcustomfield/custitem_la_manufacturer_glass.xml,1
custitem_la_manufacturer_name,retire_resolved,filecabinet:SuiteScripts/pr_update_la_fields.js,3
custitem_la_manufacturer_name,retire_resolved,filecabinet:SuiteScripts/Unified Catalog Analysis.js,2
custitem_la_manufacturer_name,retire_resolved,filecabinet:SuiteScripts/item record report.js,2
custitem_la_manufacturer_name,retire_resolved,filecabinet:SuiteScripts/LightsAmericaIntegration/copy_item_ue_null_la_fields.js,1
custitem_la_manufacturer_name,retire_resolved,filecabinet:SuiteScripts/pr_la_item_update.js,1
custitem_la_manufacturer_name,retire_resolved,filecabinet:SuiteScripts/pr_update_la_fields_map.js,1
custitem_la_manufacturer_name,retire_resolved,objects:entryform/custform_128_7513000_144.xml,1
custitem_la_manufacturer_name,retire_resolved,objects:entryform/custform_174_7513000_794.xml,1
custitem_la_manufacturer_name,retire_resolved,objects:entryform/custform_217_7513000_136.xml,1
custitem_la_manufacturer_name,retire_resolved,objects:itemcustomfield/custitem_la_manufacturer_name.xml,1
custitem_la_manufacturer_name,retire_resolved,objects:savedsearch/customsearch2340.xml,1
custitem_la_manufacturer_name,retire_resolved,objects:savedsearch/customsearch638.xml,1
custitem_la_manufacturer_name,retire_resolved,objects:savedsearch/customsearchvendoritemssublistview_7.xml,1
custitem_la_manufacturer_name,retire_resolved,objects:savedsearch/customsearchvendoritemssublistview_7_2.xml,1
custitem_la_manufacturer_number,la_field,filecabinet:SuiteScripts/item record report.js,2
custitem_la_manufacturer_number,la_field,filecabinet:SuiteScripts/pr_update_la_fields.js,2
custitem_la_manufacturer_number,la_field,filecabinet:SuiteScripts/pr_la_item_update.js,1
custitem_la_manufacturer_number,la_field,filecabinet:SuiteScripts/pr_update_la_fields_map.js,1
custitem_la_manufacturer_number,la_field,objects:entryform/custform_128_7513000_144.xml,1
custitem_la_manufacturer_number,la_field,objects:entryform/custform_174_7513000_794.xml,1
custitem_la_manufacturer_number,la_field,objects:entryform/custform_217_7513000_136.xml,1
custitem_la_manufacturer_number,la_field,objects:itemcustomfield/custitem_la_manufacturer_number.xml,1
custitem_la_manufacturer_number,la_field,objects:savedsearch/customsearch638.xml,1
custitem_la_manufacturer_number,la_field,objects:savedsearch/customsearchvendoritemssublistview_7_2.xml,1
custitem_la_manufacturer_stock,la_field,objects:entryform/custform_128_7513000_144.xml,1
custitem_la_manufacturer_stock,la_field,objects:entryform/custform_174_7513000_794.xml,1
custitem_la_manufacturer_stock,la_field,objects:entryform/custform_217_7513000_136.xml,1
custitem_la_manufacturer_stock,la_field,objects:itemcustomfield/custitem_la_manufacturer_stock.xml,1
custitem_la_manufacturer_warranty,la_field,filecabinet:SuiteScripts/LightsAmericaIntegration/copy_item_ue_null_la_fields.js,1
custitem_la_manufacturer_warranty,la_field,filecabinet:SuiteScripts/pr_la_item_update.js,1
custitem_la_manufacturer_warranty,la_field,objects:entryform/custform_128_7513000_144.xml,1
custitem_la_manufacturer_warranty,la_field,objects:entryform/custform_174_7513000_794.xml,1
custitem_la_manufacturer_warranty,la_field,objects:entryform/custform_217_7513000_136.xml,1
custitem_la_manufacturer_warranty,la_field,objects:itemcustomfield/custitem_la_manufacturer_warranty.xml,1
custitem_la_master_pack_barcode,la_field,objects:entryform/custform_128_7513000_144.xml,1
custitem_la_master_pack_barcode,la_field,objects:entryform/custform_174_7513000_794.xml,1
custitem_la_master_pack_barcode,la_field,objects:entryform/custform_217_7513000_136.xml,1
custitem_la_master_pack_barcode,la_field,objects:itemcustomfield/custitem_la_master_pack_barcode.xml,1
custitem_la_material,keep20,filecabinet:SuiteScripts/LightsAmericaIntegration/copy_item_ue_null_la_fields.js,1
custitem_la_material,keep20,filecabinet:SuiteScripts/pr_la_item_update.js,1
custitem_la_material,keep20,objects:entryform/custform_128_7513000_144.xml,1
custitem_la_material,keep20,objects:entryform/custform_174_7513000_794.xml,1
custitem_la_material,keep20,objects:entryform/custform_217_7513000_136.xml,1
custitem_la_material,keep20,objects:itemcustomfield/custitem_la_material.xml,1
custitem_la_max_wattage,la_field,filecabinet:SuiteScripts/Unified Catalog Analysis.js,4
custitem_la_max_wattage,la_field,filecabinet:SuiteScripts/item record report.js,2
custitem_la_max_wattage,la_field,filecabinet:SuiteScripts/LightsAmericaIntegration/copy_item_ue_null_la_fields.js,1
custitem_la_max_wattage,la_field,filecabinet:SuiteScripts/pr_la_item_update.js,1
custitem_la_max_wattage,la_field,filecabinet:SuiteScripts/pr_new_la_create_items.js,1
custitem_la_max_wattage,la_field,filecabinet:SuiteScripts/pr_new_la_update_items.js,1
custitem_la_max_wattage,la_field,objects:entryform/custform_128_7513000_144.xml,1
custitem_la_max_wattage,la_field,objects:entryform/custform_174_7513000_794.xml,1
custitem_la_max_wattage,la_field,objects:entryform/custform_217_7513000_136.xml,1
custitem_la_max_wattage,la_field,objects:itemcustomfield/custitem_la_max_wattage.xml,1
custitem_la_motor_housing,la_field,objects:entryform/custform_128_7513000_144.xml,1
custitem_la_motor_housing,la_field,objects:entryform/custform_174_7513000_794.xml,1
custitem_la_motor_housing,la_field,objects:entryform/custform_217_7513000_136.xml,1
custitem_la_motor_housing,la_field,objects:itemcustomfield/custitem_la_motor_housing.xml,1
custitem_la_motor_mounting,la_field,objects:entryform/custform_128_7513000_144.xml,1
custitem_la_motor_mounting,la_field,objects:entryform/custform_174_7513000_794.xml,1
custitem_la_motor_mounting,la_field,objects:entryform/custform_217_7513000_136.xml,1
custitem_la_motor_mounting,la_field,objects:itemcustomfield/custitem_la_motor_mounting.xml,1
custitem_la_motor_size,la_field,objects:entryform/custform_128_7513000_144.xml,1
custitem_la_motor_size,la_field,objects:entryform/custform_174_7513000_794.xml,1
custitem_la_motor_size,la_field,objects:entryform/custform_217_7513000_136.xml,1
custitem_la_motor_size,la_field,objects:itemcustomfield/custitem_la_motor_size.xml,1
custitem_la_mounting_height,la_field,objects:entryform/custform_128_7513000_144.xml,1
custitem_la_mounting_height,la_field,objects:entryform/custform_174_7513000_794.xml,1
custitem_la_mounting_height,la_field,objects:entryform/custform_217_7513000_136.xml,1
custitem_la_mounting_height,la_field,objects:itemcustomfield/custitem_la_mounting_height.xml,1
custitem_la_multiplier,la_field,objects:entryform/custform_128_7513000_144.xml,1
custitem_la_multiplier,la_field,objects:entryform/custform_174_7513000_794.xml,1
custitem_la_multiplier,la_field,objects:entryform/custform_217_7513000_136.xml,1
custitem_la_multiplier,la_field,objects:itemcustomfield/custitem_la_multiplier.xml,1
custitem_la_multiplier_price,la_field,objects:entryform/custform_128_7513000_144.xml,1
custitem_la_multiplier_price,la_field,objects:entryform/custform_174_7513000_794.xml,1
custitem_la_multiplier_price,la_field,objects:entryform/custform_217_7513000_136.xml,1
custitem_la_multiplier_price,la_field,objects:itemcustomfield/custitem_la_multiplier_price.xml,1
custitem_la_notes,la_field,filecabinet:SuiteScripts/LightsAmericaIntegration/copy_item_ue_null_la_fields.js,1
custitem_la_notes,la_field,filecabinet:SuiteScripts/pr_la_item_update.js,1
custitem_la_notes,la_field,objects:entryform/custform_128_7513000_144.xml,1
custitem_la_notes,la_field,objects:entryform/custform_174_7513000_794.xml,1
custitem_la_notes,la_field,objects:entryform/custform_217_7513000_136.xml,1
custitem_la_notes,la_field,objects:itemcustomfield/custitem_la_notes.xml,1
custitem_la_number_of_arms,la_field,objects:entryform/custform_128_7513000_144.xml,1
custitem_la_number_of_arms,la_field,objects:entryform/custform_174_7513000_794.xml,1
custitem_la_number_of_arms,la_field,objects:entryform/custform_217_7513000_136.xml,1
custitem_la_number_of_arms,la_field,objects:itemcustomfield/custitem_la_number_of_arms.xml,1
custitem_la_number_of_bulbs,keep20,filecabinet:SuiteScripts/LightsAmericaIntegration/copy_item_ue_null_la_fields.js,1
custitem_la_number_of_bulbs,keep20,filecabinet:SuiteScripts/pr_la_item_update.js,1
custitem_la_number_of_bulbs,keep20,filecabinet:SuiteScripts/pr_new_la_create_items.js,1
custitem_la_number_of_bulbs,keep20,filecabinet:SuiteScripts/pr_new_la_update_items.js,1
custitem_la_number_of_bulbs,keep20,objects:entryform/custform_128_7513000_144.xml,1
custitem_la_number_of_bulbs,keep20,objects:entryform/custform_174_7513000_794.xml,1
custitem_la_number_of_bulbs,keep20,objects:entryform/custform_217_7513000_136.xml,1
custitem_la_number_of_bulbs,keep20,objects:itemcustomfield/custitem_la_number_of_bulbs.xml,1
custitem_la_order_minimum,la_field,objects:entryform/custform_128_7513000_144.xml,1
custitem_la_order_minimum,la_field,objects:entryform/custform_174_7513000_794.xml,1
custitem_la_order_minimum,la_field,objects:entryform/custform_217_7513000_136.xml,1
custitem_la_order_minimum,la_field,objects:itemcustomfield/custitem_la_order_minimum.xml,1
custitem_la_parts_diagram,la_field,filecabinet:SuiteScripts/LightsAmericaIntegration/copy_item_ue_null_la_fields.js,1
custitem_la_parts_diagram,la_field,filecabinet:SuiteScripts/pr_la_item_update.js,1
custitem_la_parts_diagram,la_field,objects:entryform/custform_128_7513000_144.xml,1
custitem_la_parts_diagram,la_field,objects:entryform/custform_174_7513000_794.xml,1
custitem_la_parts_diagram,la_field,objects:entryform/custform_217_7513000_136.xml,1
custitem_la_parts_diagram,la_field,objects:itemcustomfield/custitem_la_parts_diagram.xml,1
custitem_la_price,retire_resolved,filecabinet:SuiteScripts/LightsAmericaIntegration/copy_item_ue_null_la_fields.js,1
custitem_la_price,retire_resolved,filecabinet:SuiteScripts/pr_la_item_update.js,1
custitem_la_price,retire_resolved,objects:entryform/custform_128_7513000_144.xml,1
custitem_la_price,retire_resolved,objects:entryform/custform_174_7513000_794.xml,1
custitem_la_price,retire_resolved,objects:entryform/custform_217_7513000_136.xml,1
custitem_la_price,retire_resolved,objects:itemcustomfield/custitem_la_price.xml,1
custitem_la_price_before_sale,la_field,objects:entryform/custform_128_7513000_144.xml,1
custitem_la_price_before_sale,la_field,objects:entryform/custform_174_7513000_794.xml,1
custitem_la_price_before_sale,la_field,objects:entryform/custform_217_7513000_136.xml,1
custitem_la_price_before_sale,la_field,objects:itemcustomfield/custitem_la_price_before_sale.xml,1
custitem_la_price_changed_date,retire_resolved,filecabinet:SuiteScripts/LightsAmericaIntegration/Model/item.js,2
custitem_la_price_changed_date,retire_resolved,objects:entryform/custform_128_7513000_144.xml,1
custitem_la_price_changed_date,retire_resolved,objects:entryform/custform_174_7513000_794.xml,1
custitem_la_price_changed_date,retire_resolved,objects:entryform/custform_217_7513000_136.xml,1
custitem_la_price_changed_date,retire_resolved,objects:itemcustomfield/custitem_la_price_changed_date.xml,1
custitem_la_price_no_sale,la_field,objects:entryform/custform_128_7513000_144.xml,1
custitem_la_price_no_sale,la_field,objects:entryform/custform_174_7513000_794.xml,1
custitem_la_price_no_sale,la_field,objects:entryform/custform_217_7513000_136.xml,1
custitem_la_price_no_sale,la_field,objects:itemcustomfield/custitem_la_price_no_sale.xml,1
custitem_la_price_range,la_field,objects:entryform/custform_128_7513000_144.xml,1
custitem_la_price_range,la_field,objects:entryform/custform_174_7513000_794.xml,1
custitem_la_price_range,la_field,objects:entryform/custform_217_7513000_136.xml,1
custitem_la_price_range,la_field,objects:itemcustomfield/custitem_la_price_range.xml,1
custitem_la_product_name,keep20,filecabinet:SuiteScripts/LightsAmericaIntegration/copy_item_ue_null_la_fields.js,1
custitem_la_product_name,keep20,filecabinet:SuiteScripts/pr_la_item_update.js,1
custitem_la_product_name,keep20,objects:entryform/custform_128_7513000_144.xml,1
custitem_la_product_name,keep20,objects:entryform/custform_174_7513000_794.xml,1
custitem_la_product_name,keep20,objects:entryform/custform_217_7513000_136.xml,1
custitem_la_product_name,keep20,objects:itemcustomfield/custitem_la_product_name.xml,1
custitem_la_product_name,keep20,objects:savedsearch/customsearch988.xml,1
custitem_la_product_name,keep20,objects:savedsearch/customsearch_item_search_by_categoryfi_2.xml,1
custitem_la_product_name,keep20,objects:savedsearch/customsearch_item_search_by_categoryfini.xml,1
custitem_la_product_url,keep20,filecabinet:SuiteScripts/Unified Catalog Analysis.js,3
custitem_la_product_url,keep20,filecabinet:SuiteScripts/LightsAmericaIntegration/copy_item_ue_null_la_fields.js,1
custitem_la_product_url,keep20,filecabinet:SuiteScripts/pr_la_item_update.js,1
custitem_la_product_url,keep20,objects:entryform/custform_128_7513000_144.xml,1
custitem_la_product_url,keep20,objects:entryform/custform_174_7513000_794.xml,1
custitem_la_product_url,keep20,objects:entryform/custform_217_7513000_136.xml,1
custitem_la_product_url,keep20,objects:itemcustomfield/custitem_la_product_url.xml,1
custitem_la_product_url,keep20,objects:savedsearch/customsearch1875.xml,1
custitem_la_product_url,keep20,objects:savedsearch/customsearch4045.xml,1
custitem_la_product_url,keep20,objects:savedsearch/customsearch_jwwrecently_created_items.xml,1
custitem_la_product_url,keep20,objects:savedsearch/customsearchvendoritemssublistview_6.xml,1
custitem_la_product_url,keep20,objects:transactioncolumncustomfield/custcol_webstore_link.xml,1
custitem_la_rated_average_life,la_field,filecabinet:SuiteScripts/LightsAmericaIntegration/copy_item_ue_null_la_fields.js,1
custitem_la_rated_average_life,la_field,filecabinet:SuiteScripts/pr_la_item_update.js,1
custitem_la_rated_average_life,la_field,objects:entryform/custform_128_7513000_144.xml,1
custitem_la_rated_average_life,la_field,objects:entryform/custform_174_7513000_794.xml,1
custitem_la_rated_average_life,la_field,objects:entryform/custform_217_7513000_136.xml,1
custitem_la_rated_average_life,la_field,objects:itemcustomfield/custitem_la_rated_average_life.xml,1
custitem_la_reverse_air,la_field,filecabinet:SuiteScripts/LightsAmericaIntegration/copy_item_ue_null_la_fields.js,1
custitem_la_reverse_air,la_field,filecabinet:SuiteScripts/pr_la_item_update.js,1
custitem_la_reverse_air,la_field,objects:entryform/custform_128_7513000_144.xml,1
custitem_la_reverse_air,la_field,objects:entryform/custform_174_7513000_794.xml,1
custitem_la_reverse_air,la_field,objects:entryform/custform_217_7513000_136.xml,1
custitem_la_reverse_air,la_field,objects:itemcustomfield/custitem_la_reverse_air.xml,1
custitem_la_room_1,la_field,objects:entryform/custform_128_7513000_144.xml,1
custitem_la_room_1,la_field,objects:entryform/custform_174_7513000_794.xml,1
custitem_la_room_1,la_field,objects:entryform/custform_217_7513000_136.xml,1
custitem_la_room_1,la_field,objects:itemcustomfield/custitem_la_room_1.xml,1
custitem_la_room_2,la_field,objects:entryform/custform_128_7513000_144.xml,1
custitem_la_room_2,la_field,objects:entryform/custform_174_7513000_794.xml,1
custitem_la_room_2,la_field,objects:entryform/custform_217_7513000_136.xml,1
custitem_la_room_2,la_field,objects:itemcustomfield/custitem_la_room_2.xml,1
custitem_la_rooms,la_field,objects:entryform/custform_128_7513000_144.xml,1
custitem_la_rooms,la_field,objects:entryform/custform_174_7513000_794.xml,1
custitem_la_rooms,la_field,objects:entryform/custform_217_7513000_136.xml,1
custitem_la_rooms,la_field,objects:itemcustomfield/custitem_la_rooms.xml,1
custitem_la_safety_listing,keep20,filecabinet:SuiteScripts/LightsAmericaIntegration/copy_item_ue_null_la_fields.js,1
custitem_la_safety_listing,keep20,filecabinet:SuiteScripts/pr_la_item_update.js,1
custitem_la_safety_listing,keep20,objects:entryform/custform_128_7513000_144.xml,1
custitem_la_safety_listing,keep20,objects:entryform/custform_174_7513000_794.xml,1
custitem_la_safety_listing,keep20,objects:entryform/custform_217_7513000_136.xml,1
custitem_la_safety_listing,keep20,objects:itemcustomfield/custitem_la_safety_listing.xml,1
custitem_la_safety_rating,keep20,filecabinet:SuiteScripts/LightsAmericaIntegration/copy_item_ue_null_la_fields.js,1
custitem_la_safety_rating,keep20,filecabinet:SuiteScripts/pr_la_item_update.js,1
custitem_la_safety_rating,keep20,objects:entryform/custform_128_7513000_144.xml,1
custitem_la_safety_rating,keep20,objects:entryform/custform_174_7513000_794.xml,1
custitem_la_safety_rating,keep20,objects:entryform/custform_217_7513000_136.xml,1
custitem_la_safety_rating,keep20,objects:itemcustomfield/custitem_la_safety_rating.xml,1
custitem_la_shipped_via,la_field,filecabinet:SuiteScripts/LightsAmericaIntegration/copy_item_ue_null_la_fields.js,1
custitem_la_shipped_via,la_field,filecabinet:SuiteScripts/pr_la_item_update.js,1
custitem_la_shipped_via,la_field,objects:entryform/custform_128_7513000_144.xml,1
custitem_la_shipped_via,la_field,objects:entryform/custform_174_7513000_794.xml,1
custitem_la_shipped_via,la_field,objects:entryform/custform_217_7513000_136.xml,1
custitem_la_shipped_via,la_field,objects:itemcustomfield/custitem_la_shipped_via.xml,1
custitem_la_shipped_via,la_field,objects:savedsearch/customsearch1027.xml,1
custitem_la_sku,la_identity,filecabinet:SuiteScripts/LA Sku to Item MR2.js,2
custitem_la_sku,la_identity,filecabinet:SuiteScripts/LightsAmericaIntegration/Model/item.js,2
custitem_la_sku,la_identity,filecabinet:SuiteScripts/LA SKU to Item WFA.js,1
custitem_la_sku,la_identity,filecabinet:SuiteScripts/LA SKU to Item.js,1
custitem_la_sku,la_identity,filecabinet:SuiteScripts/pr_la_item_update.js,1
custitem_la_sku,la_identity,objects:entryform/custform_128_7513000_144.xml,1
custitem_la_sku,la_identity,objects:entryform/custform_174_7513000_794.xml,1
custitem_la_sku,la_identity,objects:entryform/custform_217_7513000_136.xml,1
custitem_la_sku,la_identity,objects:itemcustomfield/custitem_la_sku.xml,1
custitem_la_sku,la_identity,objects:savedsearch/customsearch1985.xml,1
custitem_la_sku,la_identity,objects:savedsearch/customsearch3452.xml,1
custitem_la_sku,la_identity,objects:savedsearch/customsearch3674.xml,1
custitem_la_sku,la_identity,objects:savedsearch/customsearch3676.xml,1
custitem_la_sku,la_identity,objects:savedsearch/customsearch_jwwrecently_created_items.xml,1
custitem_la_sku,la_identity,objects:savedsearch/customsearch_la_sku_check.xml,1
custitem_la_sku,la_identity,objects:savedsearch/customsearch_la_sku_to_item_wfa_feed.xml,1
custitem_la_sku,la_identity,objects:savedsearch/customsearchvendoritemssublistview.xml,1
custitem_la_sku,la_identity,objects:savedsearch/customsearchvendoritemssublistview_5.xml,1
custitem_la_sku,la_identity,objects:savedsearch/customsearchvendoritemssublistview_6.xml,1
custitem_la_small_thumbnail,la_field,objects:entryform/custform_128_7513000_144.xml,1
custitem_la_small_thumbnail,la_field,objects:entryform/custform_174_7513000_794.xml,1
custitem_la_small_thumbnail,la_field,objects:entryform/custform_217_7513000_136.xml,1
custitem_la_small_thumbnail,la_field,objects:itemcustomfield/custitem_la_small_thumbnail.xml,1
custitem_la_spec_sheet,retire_resolved,filecabinet:SuiteScripts/LightsAmericaIntegration/copy_item_ue_null_la_fields.js,1
custitem_la_spec_sheet,retire_resolved,filecabinet:SuiteScripts/pr_la_item_update.js,1
custitem_la_spec_sheet,retire_resolved,filecabinet:SuiteScripts/premierLinkConnector_wfa.js,1
custitem_la_spec_sheet,retire_resolved,objects:entryform/custform_128_7513000_144.xml,1
custitem_la_spec_sheet,retire_resolved,objects:entryform/custform_174_7513000_794.xml,1
custitem_la_spec_sheet,retire_resolved,objects:entryform/custform_217_7513000_136.xml,1
custitem_la_spec_sheet,retire_resolved,objects:itemcustomfield/custitem_la_spec_sheet.xml,1
custitem_la_spec_sheet,retire_resolved,objects:savedsearch/customsearch1985.xml,1
custitem_la_spec_sheet,retire_resolved,objects:savedsearch/customsearch2312.xml,1
custitem_la_spec_sheet,retire_resolved,objects:savedsearch/customsearch4045.xml,1
custitem_la_spec_sheet,retire_resolved,objects:savedsearch/customsearch_jwwrecently_created_items.xml,1
custitem_la_special_feature,la_field,objects:entryform/custform_128_7513000_144.xml,1
custitem_la_special_feature,la_field,objects:entryform/custform_174_7513000_794.xml,1
custitem_la_special_feature,la_field,objects:entryform/custform_217_7513000_136.xml,1
custitem_la_special_feature,la_field,objects:itemcustomfield/custitem_la_special_feature.xml,1
custitem_la_status_date,la_field,objects:entryform/custform_128_7513000_144.xml,1
custitem_la_status_date,la_field,objects:entryform/custform_174_7513000_794.xml,1
custitem_la_status_date,la_field,objects:entryform/custform_217_7513000_136.xml,1
custitem_la_status_date,la_field,objects:itemcustomfield/custitem_la_status_date.xml,1
custitem_la_sub_brand,la_field,objects:entryform/custform_128_7513000_144.xml,1
custitem_la_sub_brand,la_field,objects:entryform/custform_174_7513000_794.xml,1
custitem_la_sub_brand,la_field,objects:entryform/custform_217_7513000_136.xml,1
custitem_la_sub_brand,la_field,objects:itemcustomfield/custitem_la_sub_brand.xml,1
custitem_la_suffix,la_field,objects:entryform/custform_128_7513000_144.xml,1
custitem_la_suffix,la_field,objects:entryform/custform_174_7513000_794.xml,1
custitem_la_suffix,la_field,objects:entryform/custform_217_7513000_136.xml,1
custitem_la_suffix,la_field,objects:itemcustomfield/custitem_la_suffix.xml,1
custitem_la_switch,la_field,objects:entryform/custform_128_7513000_144.xml,1
custitem_la_switch,la_field,objects:entryform/custform_174_7513000_794.xml,1
custitem_la_switch,la_field,objects:entryform/custform_217_7513000_136.xml,1
custitem_la_switch,la_field,objects:itemcustomfield/custitem_la_switch.xml,1
custitem_la_thumbnail,la_field,objects:entryform/custform_128_7513000_144.xml,1
custitem_la_thumbnail,la_field,objects:entryform/custform_174_7513000_794.xml,1
custitem_la_thumbnail,la_field,objects:entryform/custform_217_7513000_136.xml,1
custitem_la_thumbnail,la_field,objects:itemcustomfield/custitem_la_thumbnail.xml,1
custitem_la_title_20,la_field,objects:entryform/custform_128_7513000_144.xml,1
custitem_la_title_20,la_field,objects:entryform/custform_174_7513000_794.xml,1
custitem_la_title_20,la_field,objects:entryform/custform_217_7513000_136.xml,1
custitem_la_title_20,la_field,objects:itemcustomfield/custitem_la_title_20.xml,1
custitem_la_title_24,la_field,objects:entryform/custform_128_7513000_144.xml,1
custitem_la_title_24,la_field,objects:entryform/custform_174_7513000_794.xml,1
custitem_la_title_24,la_field,objects:entryform/custform_217_7513000_136.xml,1
custitem_la_title_24,la_field,objects:itemcustomfield/custitem_la_title_24.xml,1
custitem_la_top_to_outlet,la_field,objects:entryform/custform_128_7513000_144.xml,1
custitem_la_top_to_outlet,la_field,objects:entryform/custform_174_7513000_794.xml,1
custitem_la_top_to_outlet,la_field,objects:entryform/custform_217_7513000_136.xml,1
custitem_la_top_to_outlet,la_field,objects:itemcustomfield/custitem_la_top_to_outlet.xml,1
custitem_la_umap,la_field,objects:entryform/custform_128_7513000_144.xml,1
custitem_la_umap,la_field,objects:entryform/custform_174_7513000_794.xml,1
custitem_la_umap,la_field,objects:entryform/custform_217_7513000_136.xml,1
custitem_la_umap,la_field,objects:itemcustomfield/custitem_la_umap.xml,1
custitem_la_unique_id,la_identity,filecabinet:SuiteScripts/LightsAmericaIntegration/Model/item.js,2
custitem_la_unique_id,la_identity,filecabinet:SuiteScripts/pr_la_item_update.js,2
custitem_la_unique_id,la_identity,filecabinet:SuiteScripts/LightsAmericaIntegration/copy_item_ue_null_la_fields.js,1
custitem_la_unique_id,la_identity,filecabinet:SuiteScripts/pr_new_link_custom_and_item.js,1
custitem_la_unique_id,la_identity,objects:entryform/custform_128_7513000_144.xml,1
custitem_la_unique_id,la_identity,objects:entryform/custform_174_7513000_794.xml,1
custitem_la_unique_id,la_identity,objects:entryform/custform_217_7513000_136.xml,1
custitem_la_unique_id,la_identity,objects:itemcustomfield/custitem_la_unique_id.xml,1
custitem_la_unique_id,la_identity,objects:savedsearch/customsearch2636.xml,1
custitem_la_unique_id,la_identity,objects:savedsearch/customsearch444.xml,1
custitem_la_unique_id,la_identity,objects:savedsearch/customsearch459.xml,1
custitem_la_unique_id,la_identity,objects:savedsearch/customsearch615.xml,1
custitem_la_unique_id,la_identity,objects:savedsearch/customsearch630.xml,1
custitem_la_unit_increment,la_field,objects:entryform/custform_128_7513000_144.xml,1
custitem_la_unit_increment,la_field,objects:entryform/custform_174_7513000_794.xml,1
custitem_la_unit_increment,la_field,objects:entryform/custform_217_7513000_136.xml,1
custitem_la_unit_increment,la_field,objects:itemcustomfield/custitem_la_unit_increment.xml,1
custitem_la_unit_of_measure,la_field,objects:entryform/custform_128_7513000_144.xml,1
custitem_la_unit_of_measure,la_field,objects:entryform/custform_174_7513000_794.xml,1
custitem_la_unit_of_measure,la_field,objects:entryform/custform_217_7513000_136.xml,1
custitem_la_unit_of_measure,la_field,objects:itemcustomfield/custitem_la_unit_of_measure.xml,1
custitem_la_upc,keep20,filecabinet:SuiteScripts/LightsAmericaIntegration/copy_item_ue_null_la_fields.js,1
custitem_la_upc,keep20,filecabinet:SuiteScripts/pr_la_item_update.js,1
custitem_la_upc,keep20,objects:entryform/custform_128_7513000_144.xml,1
custitem_la_upc,keep20,objects:entryform/custform_174_7513000_794.xml,1
custitem_la_upc,keep20,objects:entryform/custform_217_7513000_136.xml,1
custitem_la_upc,keep20,objects:itemcustomfield/custitem_la_upc.xml,1
custitem_la_upc,keep20,objects:savedsearch/customsearch1985.xml,1
custitem_la_upc,keep20,objects:savedsearch/customsearch2324.xml,1
custitem_la_upc,keep20,objects:savedsearch/customsearch4286.xml,1
custitem_la_voltage,keep20,filecabinet:SuiteScripts/LightsAmericaIntegration/copy_item_ue_null_la_fields.js,1
custitem_la_voltage,keep20,filecabinet:SuiteScripts/pr_la_item_update.js,1
custitem_la_voltage,keep20,objects:entryform/custform_128_7513000_144.xml,1
custitem_la_voltage,keep20,objects:entryform/custform_174_7513000_794.xml,1
custitem_la_voltage,keep20,objects:entryform/custform_217_7513000_136.xml,1
custitem_la_voltage,keep20,objects:itemcustomfield/custitem_la_voltage.xml,1
custitem_la_weight_grams,la_field,filecabinet:SuiteScripts/pr_new_la_create_items.js,1
custitem_la_weight_grams,la_field,filecabinet:SuiteScripts/pr_new_la_update_items.js,1
custitem_la_weight_grams,la_field,objects:entryform/custform_128_7513000_144.xml,1
custitem_la_weight_grams,la_field,objects:entryform/custform_174_7513000_794.xml,1
custitem_la_weight_grams,la_field,objects:entryform/custform_217_7513000_136.xml,1
custitem_la_weight_grams,la_field,objects:itemcustomfield/custitem_la_weight_grams.xml,1
custitem_la_width,keep20,filecabinet:SuiteScripts/LightsAmericaIntegration/copy_item_ue_null_la_fields.js,1
custitem_la_width,keep20,objects:entryform/custform_128_7513000_144.xml,1
custitem_la_width,keep20,objects:entryform/custform_174_7513000_794.xml,1
custitem_la_width,keep20,objects:entryform/custform_217_7513000_136.xml,1
custitem_la_width,keep20,objects:itemcustomfield/custitem_la_width.xml,1
custitem_la_width_diameter,retire_resolved,objects:entryform/custform_128_7513000_144.xml,1
custitem_la_width_diameter,retire_resolved,objects:entryform/custform_174_7513000_794.xml,1
custitem_la_width_diameter,retire_resolved,objects:entryform/custform_217_7513000_136.xml,1
custitem_la_width_diameter,retire_resolved,objects:itemcustomfield/custitem_la_width_diameter.xml,1
custitem_la_wire,la_field,filecabinet:SuiteScripts/LightsAmericaIntegration/copy_item_ue_null_la_fields.js,1
custitem_la_wire,la_field,filecabinet:SuiteScripts/pr_la_item_update.js,1
custitem_la_wire,la_field,objects:entryform/custform_128_7513000_144.xml,1
custitem_la_wire,la_field,objects:entryform/custform_174_7513000_794.xml,1
custitem_la_wire,la_field,objects:entryform/custform_217_7513000_136.xml,1
custitem_la_wire,la_field,objects:itemcustomfield/custitem_la_wire.xml,1
custitem_laitem_do_not_update,la_adjacent,objects:entryform/custform_128_7513000_144.xml,1
custitem_laitem_do_not_update,la_adjacent,objects:entryform/custform_174_7513000_794.xml,1
custitem_laitem_do_not_update,la_adjacent,objects:entryform/custform_217_7513000_136.xml,1
custitem_laitem_do_not_update,la_adjacent,objects:entryform/custform_custom_group_item_form.xml,1
custitem_laitem_do_not_update,la_adjacent,objects:entryform/custform_custom_noninventory_part_form.xml,1
custitem_laitem_do_not_update,la_adjacent,objects:itemcustomfield/custitem_laitem_do_not_update.xml,1
custitem_lights_sku,la_identity,objects:entryform/custform_128_7513000_144.xml,1
custitem_lights_sku,la_identity,objects:entryform/custform_174_7513000_794.xml,1
custitem_lights_sku,la_identity,objects:entryform/custform_217_7513000_136.xml,1
custitem_lights_sku,la_identity,objects:itemcustomfield/custitem_lights_sku.xml,1
custitem_lights_sku,la_identity,objects:savedsearch/customsearch1985.xml,1
custitem_lights_sku,la_identity,objects:savedsearch/customsearch3676.xml,1
custitem_no_of_bulbs,adjacent,objects:entryform/custform_128_7513000_144.xml,1
custitem_no_of_bulbs,adjacent,objects:entryform/custform_174_7513000_794.xml,1
custitem_no_of_bulbs,adjacent,objects:entryform/custform_217_7513000_136.xml,1
custitem_no_of_bulbs,adjacent,objects:itemcustomfield/custitem_no_of_bulbs.xml,1
custitem_pr_em_product,adjacent,filecabinet:SuiteScripts/pr_change_order_approve.js,2
custitem_pr_em_product,adjacent,objects:entryform/custform_128_7513000_144.xml,1
custitem_pr_em_product,adjacent,objects:entryform/custform_174_7513000_794.xml,1
custitem_pr_em_product,adjacent,objects:entryform/custform_217_7513000_136.xml,1
custitem_pr_em_product,adjacent,objects:itemcustomfield/custitem_pr_em_product.xml,1
custitem_publish_item,adjacent,objects:entryform/custform_128_7513000_144.xml,1
custitem_publish_item,adjacent,objects:entryform/custform_174_7513000_794.xml,1
custitem_publish_item,adjacent,objects:entryform/custform_217_7513000_136.xml,1
custitem_spec_sheet_link,keeper_nonla,filecabinet:SuiteScripts/premierLinkConnector_wfa.js,2
custitem_spec_sheet_link,keeper_nonla,objects:entryform/custform_128_7513000_144.xml,1
custitem_spec_sheet_link,keeper_nonla,objects:entryform/custform_174_7513000_794.xml,1
custitem_spec_sheet_link,keeper_nonla,objects:entryform/custform_217_7513000_136.xml,1
custitem_spec_sheet_link,keeper_nonla,objects:itemcustomfield/custitem_spec_sheet_link.xml,1
custitem_spec_sheet_link,keeper_nonla,objects:savedsearch/customsearch2312.xml,1
custitem_spec_sheet_link,keeper_nonla,objects:savedsearch/customsearch2468.xml,1
custitem_spec_sheet_link,keeper_nonla,objects:savedsearch/customsearch_jwwrecently_created_items.xml,1
custitem_spec_sheet_link,keeper_nonla,objects:transactioncolumncustomfield/custcol_spec_sheet.xml,1
custitem_usr_item_category,adjacent,objects:entryform/custform_128_7513000_144.xml,1
custitem_usr_item_category,adjacent,objects:entryform/custform_174_7513000_794.xml,1
custitem_usr_item_category,adjacent,objects:entryform/custform_217_7513000_136.xml,1
custitem_usr_item_category,adjacent,objects:entryform/custform_custom_group_item_form.xml,1
custitem_usr_item_category,adjacent,objects:entryform/custform_custom_noninventory_part_form.xml,1
custitem_webstore_link,dead_nonla,objects:entryform/custform_128_7513000_144.xml,1
custitem_webstore_link,dead_nonla,objects:entryform/custform_174_7513000_794.xml,1
custitem_webstore_link,dead_nonla,objects:entryform/custform_217_7513000_136.xml,1
custitem_webstore_link,dead_nonla,objects:itemcustomfield/custitem_webstore_link.xml,1
custitem_zastro_image_url,zastro,objects:entryform/custform_128_7513000_144.xml,1
custitem_zastro_image_url,zastro,objects:entryform/custform_174_7513000_794.xml,1
custitem_zastro_image_url,zastro,objects:entryform/custform_217_7513000_136.xml,1
custitem_zastro_image_url,zastro,objects:itemcustomfield/custitem_zastro_image_url.xml,1
custitem_zastro_image_url,zastro,objects:savedsearch/customsearch939.xml,1
custitem_zastro_la_updated_at,zastro,filecabinet:SuiteScripts/LightsAmericaIntegration/Model/item.js,2
custitem_zastro_la_updated_at,zastro,objects:entryform/custform_128_7513000_144.xml,1
custitem_zastro_la_updated_at,zastro,objects:entryform/custform_174_7513000_794.xml,1
custitem_zastro_la_updated_at,zastro,objects:entryform/custform_217_7513000_136.xml,1
custitem_zastro_la_updated_at,zastro,objects:itemcustomfield/custitem_zastro_la_updated_at.xml,1
custitem_zastro_special_order,zastro,filecabinet:SuiteScripts/LightsAmericaIntegration/Model/item.js,2
custitem_zastro_special_order,zastro,objects:workflow/customworkflow35.xml,2
custitem_zastro_special_order,zastro,filecabinet:SuiteScripts/pr_la_item_update.js,1
custitem_zastro_special_order,zastro,filecabinet:SuiteScripts/pr_new_la_create_items.js,1
custitem_zastro_special_order,zastro,objects:entryform/custform_128_7513000_144.xml,1
custitem_zastro_special_order,zastro,objects:entryform/custform_174_7513000_794.xml,1
custitem_zastro_special_order,zastro,objects:entryform/custform_217_7513000_136.xml,1
custitem_zastro_special_order,zastro,objects:itemcustomfield/custitem_zastro_special_order.xml,1
custitem_zastro_special_order,zastro,objects:savedsearch/customsearch1985.xml,1
custitem_zastro_special_order,zastro,objects:savedsearch/customsearch463.xml,1
custitem_zastro_special_order,zastro,objects:savedsearch/customsearch539.xml,1
custitem_zastro_special_order,zastro,objects:savedsearch/customsearch_item_inactivate.xml,1
custitem_zastro_special_order,zastro,objects:savedsearch/customsearch_jwwrecently_created_items.xml,1
custitem_zastro_special_order,zastro,objects:savedsearch/customsearchvendoritemssublistview.xml,1
custitem_zastro_special_order,zastro,objects:savedsearch/customsearchvendoritemssublistview_2.xml,1
custitem_zastro_special_order,zastro,objects:savedsearch/customsearchvendoritemssublistview_4.xml,1
custitem_zastro_special_order,zastro,objects:savedsearch/customsearchvendoritemssublistview_5.xml,1
custitem_zastro_special_order,zastro,objects:savedsearch/customsearchvendoritemssublistview_7.xml,1
custitem_zastro_special_order,zastro,objects:savedsearch/customsearchvendoritemssublistview_7_2.xml,1
custitem_zastro_warranty,zastro,objects:entryform/custform_128_7513000_144.xml,1
custitem_zastro_warranty,zastro,objects:entryform/custform_174_7513000_794.xml,1
custitem_zastro_warranty,zastro,objects:entryform/custform_217_7513000_136.xml,1
custitem_zastro_warranty,zastro,objects:itemcustomfield/custitem_zastro_warranty.xml,1
custitemcustitem_la_weight,la_field,objects:entryform/custform_128_7513000_144.xml,1
custitemcustitem_la_weight,la_field,objects:entryform/custform_174_7513000_794.xml,1
custitemcustitem_la_weight,la_field,objects:entryform/custform_217_7513000_136.xml,1
custitemcustitem_la_weight,la_field,objects:itemcustomfield/custitemcustitem_la_weight.xml,1
custitemlastpostedtofarapp,farapp,objects:entryform/custform_128_7513000_144.xml,1
custitemlastpostedtofarapp,farapp,objects:entryform/custform_174_7513000_794.xml,1
custitemlastpostedtofarapp,farapp,objects:entryform/custform_217_7513000_136.xml,1
custitemlastpostedtofarapp,farapp,objects:entryform/custform_custom_group_item_form.xml,1
custitemlastpostedtofarapp,farapp,objects:entryform/custform_custom_noninventory_part_form.xml,1
customlist_zas_tracking_carrier,zastro_list,filecabinet:SuiteScripts/ill_vendor_update_esd.js,1
customlist_zas_tracking_carrier,zastro_list,filecabinet:SuiteScripts/pre_inbd_esd_sl.js,1
customlist_zas_tracking_carrier,zastro_list,objects:savedsearch/customsearch2629.xml,1
customlist_zas_tracking_carrier,zastro_list,objects:savedsearch/customsearch3702.xml,1
customlist_zas_tracking_carrier,zastro_list,objects:transactioncolumncustomfield/custcol_pr_vendor_provided_carrier.xml,1
customrecord_la_csv_row,la_rectype,objects:savedsearch/customsearch2314.xml,5
customrecord_la_csv_row,la_rectype,objects:savedsearch/customsearch_laitem_update.xml,5
customrecord_la_csv_row,la_rectype,objects:savedsearch/customsearch2192.xml,2
customrecord_la_csv_row,la_rectype,objects:savedsearch/customsearch2490.xml,2
customrecord_la_csv_row,la_rectype,filecabinet:SuiteScripts/csvRowToItemRec_mr.js,1
customrecord_la_csv_row,la_rectype,filecabinet:SuiteScripts/step_1_v2.js,1
customrecord_manufacturer_mapping,la_rectype,objects:savedsearch/customsearch1642.xml,3
customrecord_manufacturer_mapping,la_rectype,objects:savedsearch/customsearch2348.xml,3
customrecord_manufacturer_mapping,la_rectype,objects:savedsearch/customsearch452.xml,3
customrecord_manufacturer_mapping,la_rectype,objects:savedsearch/customsearch2317.xml,2
customrecord_manufacturer_mapping,la_rectype,filecabinet:SuiteScripts/LightsAmericaIntegration/Model/item.js,1
customrecord_manufacturer_mapping,la_rectype,filecabinet:SuiteScripts/LightsAmericaIntegration/wishlist_1_restlet.js,1
customrecord_manufacturer_mapping,la_rectype,filecabinet:SuiteScripts/pr_la_item_update.js,1
customrecord_manufacturer_mapping,la_rectype,filecabinet:SuiteScripts/pr_new_la_create_items.js,1
customrecord_manufacturer_mapping,la_rectype,filecabinet:SuiteScripts/pr_new_la_update_items.js,1
customrecord_manufacturer_mapping,la_rectype,objects:entryform/custform_118_7513000_119.xml,1
customrecord_zastro_api_scheduler,zastro_rectype,filecabinet:SuiteScripts/LightsAmericaIntegration/lights_america_wishlist_restlet.js,1
customrecord_zastro_api_scheduler,zastro_rectype,filecabinet:SuiteScripts/LightsAmericaIntegration/wishlist_1_restlet.js,1
customrecord_zastro_la_data_dump,zastro_rectype,objects:savedsearch/customsearch937.xml,13
customrecord_zastro_la_data_dump,zastro_rectype,objects:savedsearch/customsearch939.xml,10
customrecord_zastro_la_data_dump,zastro_rectype,objects:savedsearch/customsearch972.xml,6
customrecord_zastro_la_data_dump,zastro_rectype,objects:savedsearch/customsearch938.xml,4
customrecord_zastro_la_data_dump,zastro_rectype,filecabinet:SuiteScripts/pr_new_la_custom_rec_from_csv.js,3
customrecord_zastro_la_data_dump,zastro_rectype,filecabinet:SuiteScripts/pr_new_la_create_items.js,2
customrecord_zastro_la_data_dump,zastro_rectype,filecabinet:SuiteScripts/LightsAmericaIntegration/Utilities/item_processor.js,1
customrecord_zastro_la_data_dump,zastro_rectype,filecabinet:SuiteScripts/LightsAmericaIntegration/idle_la_bring_over_image.js,1
customrecord_zastro_la_data_dump,zastro_rectype,filecabinet:SuiteScripts/LightsAmericaIntegration/step_4_link_item_records.js,1
customrecord_zastro_la_data_dump,zastro_rectype,filecabinet:SuiteScripts/LightsAmericaIntegration/update_price_only.js,1
customrecord_zastro_la_data_dump,zastro_rectype,filecabinet:SuiteScripts/pr_new_la_update_items.js,1
customrecord_zastro_la_data_dump,zastro_rectype,filecabinet:SuiteScripts/pr_new_link_custom_and_item.js,1
customrecord_zastro_la_processor_queue,zastro_rectype,filecabinet:SuiteScripts/LightsAmericaIntegration/step_5_generate_queue.js,4
customrecord_zastro_la_processor_queue,zastro_rectype,filecabinet:SuiteScripts/LightsAmericaIntegration/step_5_create_item.js,3
customrecord_zastro_la_processor_queue,zastro_rectype,filecabinet:SuiteScripts/LightsAmericaIntegration/Utilities/mass_delete_lights_items.js,2
customrecord_zastro_lights_file_config,zastro_rectype,filecabinet:SuiteScripts/LightsAmericaIntegration/Model/item.js,2
customrecord_zastro_lights_file_config,zastro_rectype,filecabinet:SuiteScripts/LightsAmericaIntegration/Utilities/mass_delete_lights_items.js,2
customrecord_zastro_lights_file_config,zastro_rectype,filecabinet:SuiteScripts/LightsAmericaIntegration/step_1_import_csv.js,2
customrecord_zastro_lights_file_config,zastro_rectype,filecabinet:SuiteScripts/LightsAmericaIntegration/step_2_process_csv.js,2
customrecord_zastro_lights_file_config,zastro_rectype,filecabinet:SuiteScripts/LightsAmericaIntegration/step_3_delete_imported_csv.js,2
customrecord_zastro_lights_file_config,zastro_rectype,filecabinet:SuiteScripts/LightsAmericaIntegration/step_6_update_csv_import.js,2
customrecord_zastro_lights_file_config,zastro_rectype,filecabinet:SuiteScripts/laint_step2ImportCSV_sch.js,2
customrecord_zastro_lights_file_config,zastro_rectype,filecabinet:SuiteScripts/step_1_papaparse.js,2
customrecord_zastro_lights_file_config,zastro_rectype,filecabinet:SuiteScripts/step_1_v2.js,2
customrecord_zastro_lights_file_config,zastro_rectype,filecabinet:SuiteScripts/step1_v2.js,1
customrecord_zastro_lights_items,zastro_rectype,objects:entryform/custform_custom_lightsamerica_items_form.xml,73
customrecord_zastro_lights_items,zastro_rectype,objects:savedsearch/customsearch1470.xml,39
customrecord_zastro_lights_items,zastro_rectype,objects:savedsearch/customsearch3565.xml,39
customrecord_zastro_lights_items,zastro_rectype,objects:savedsearch/customsearch3681.xml,6
customrecord_zastro_lights_items,zastro_rectype,objects:savedsearch/customsearch1481.xml,5
customrecord_zastro_lights_items,zastro_rectype,objects:savedsearch/customsearch3564.xml,5
customrecord_zastro_lights_items,zastro_rectype,objects:savedsearch/customsearch1508.xml,4
customrecord_zastro_lights_items,zastro_rectype,objects:savedsearch/customsearch1622.xml,4
customrecord_zastro_lights_items,zastro_rectype,objects:savedsearch/customsearch1985.xml,4
customrecord_zastro_lights_items,zastro_rectype,objects:savedsearch/customsearch_la_sku_to_item_wfa_feed.xml,4
customrecord_zastro_lights_items,zastro_rectype,filecabinet:SuiteScripts/csvRowToItemRec_mr.js,3
customrecord_zastro_lights_items,zastro_rectype,objects:savedsearch/customsearch1471.xml,3
customrecord_zastro_lights_items,zastro_rectype,objects:savedsearch/customsearch1496.xml,3
customrecord_zastro_lights_items,zastro_rectype,objects:savedsearch/customsearch1506.xml,3
customrecord_zastro_lights_items,zastro_rectype,objects:savedsearch/customsearch3212.xml,3
customrecord_zastro_lights_items,zastro_rectype,objects:savedsearch/customsearch3325.xml,3
customrecord_zastro_lights_items,zastro_rectype,objects:savedsearch/customsearch_la_name_fix.xml,3
customrecord_zastro_lights_items,zastro_rectype,objects:savedsearch/customsearch_la_record_delete.xml,3
customrecord_zastro_lights_items,zastro_rectype,objects:savedsearch/customsearch_la_sku_check.xml,3
customrecord_zastro_lights_items,zastro_rectype,objects:savedsearch/customsearch_zastro_lights_p_queue.xml,3
customrecord_zastro_lights_items,zastro_rectype,objects:workflow/customworkflow_la_sku_to_item.xml,3
customrecord_zastro_lights_items,zastro_rectype,filecabinet:SuiteScripts/LA SKU to Item WFA.js,2
customrecord_zastro_lights_items,zastro_rectype,filecabinet:SuiteScripts/LA SKU to Item.js,2
customrecord_zastro_lights_items,zastro_rectype,filecabinet:SuiteScripts/LA Sku to Item MR2.js,2
customrecord_zastro_lights_items,zastro_rectype,filecabinet:SuiteScripts/LightsAmericaIntegration/step_5_create_item.js,2
customrecord_zastro_lights_items,zastro_rectype,filecabinet:SuiteScripts/LightsAmericaIntegration/step_5_generate_queue.js,2
customrecord_zastro_lights_items,zastro_rectype,objects:itemcustomfield/custitem_la_sku.xml,2
customrecord_zastro_lights_items,zastro_rectype,objects:savedsearch/customsearch1472.xml,2
customrecord_zastro_lights_items,zastro_rectype,objects:savedsearch/customsearch1474.xml,2
customrecord_zastro_lights_items,zastro_rectype,objects:savedsearch/customsearch1498.xml,2
customrecord_zastro_lights_items,zastro_rectype,objects:savedsearch/customsearch1623.xml,2
customrecord_zastro_lights_items,zastro_rectype,objects:savedsearch/customsearch1631.xml,2
customrecord_zastro_lights_items,zastro_rectype,objects:savedsearch/customsearch2783.xml,2
customrecord_zastro_lights_items,zastro_rectype,objects:savedsearch/customsearch3452.xml,2
customrecord_zastro_lights_items,zastro_rectype,objects:savedsearch/customsearch3674.xml,2
customrecord_zastro_lights_items,zastro_rectype,objects:savedsearch/customsearch3675.xml,2
customrecord_zastro_lights_items,zastro_rectype,filecabinet:SuiteScripts/La_name_fix.js,1
customrecord_zastro_lights_items,zastro_rectype,filecabinet:SuiteScripts/LightsAmericaIntegration/adhoc_processor.js,1
customrecord_zastro_lights_items,zastro_rectype,filecabinet:SuiteScripts/LightsAmericaIntegration/item_mirror_ue_helper.js,1
customrecord_zastro_lights_items,zastro_rectype,filecabinet:SuiteScripts/LightsAmericaIntegration/item_updater_checker_scheduler.js,1
customrecord_zastro_lights_items,zastro_rectype,filecabinet:SuiteScripts/delete.js,1
customrecord_zastro_lights_items,zastro_rectype,filecabinet:SuiteScripts/loadThenSave_mr.js,1
customrecord_zastro_lights_items,zastro_rectype,filecabinet:SuiteScripts/pr_update_display.js,1
customrecord_zastro_lights_items,zastro_rectype,filecabinet:SuiteScripts/prem_deleteSkulessItems_mr.js,1
customrecord_zastro_lights_items,zastro_rectype,objects:savedsearch/customsearch1632.xml,1
customrecord_zastro_lights_items,zastro_rectype,objects:savedsearch/customsearch2488.xml,1
customrecord_zastro_lights_items,zastro_rectype,objects:savedsearch/customsearch2648.xml,1
customrecord_zastro_lights_items,zastro_rectype,objects:savedsearch/customsearch3676.xml,1
customrecord_zastro_lights_items,zastro_rectype,objects:savedsearch/customsearch_jwwrecently_created_items.xml,1
customrecord_zastro_lights_items,zastro_rectype,objects:savedsearch/customsearchvendoritemssublistview.xml,1
customrecord_zastro_lights_items,zastro_rectype,objects:savedsearch/customsearchvendoritemssublistview_5.xml,1
customrecord_zastro_lights_items,zastro_rectype,objects:savedsearch/customsearchvendoritemssublistview_6.xml,1
customrecord_zastro_lights_items,zastro_rectype,objects:transactioncolumncustomfield/custcol_la_item_link.xml,1
customrecord_zastro_lights_wishlist_cfg,zastro_rectype,filecabinet:SuiteScripts/LightsAmericaIntegration/lights_america_wishlist_scheduler.js,3
customrecord_zastro_lights_wishlist_cfg,zastro_rectype,filecabinet:SuiteScripts/LightsAmericaIntegration/lights_america_wishlist_restlet.js,2
customrecord_zastro_po_consolid,zastro_rectype,objects:entryform/custform_12_t2379072_644.xml,14
customrecord_zastro_po_consolid,zastro_rectype,filecabinet:SuiteScripts/pr_loc_sl.js,11
customrecord_zastro_po_consolid,zastro_rectype,filecabinet:SuiteScripts/pr_sl_hold_inv.js,9
customrecord_zastro_po_consolid,zastro_rectype,filecabinet:SuiteScripts/pr_china_con_sl.js,8
customrecord_zastro_po_consolid,zastro_rectype,objects:savedsearch/customsearch1689.xml,7
customrecord_zastro_po_consolid,zastro_rectype,objects:savedsearch/customsearch8.xml,7
customrecord_zastro_po_consolid,zastro_rectype,objects:savedsearch/customsearch3.xml,6
customrecord_zastro_po_consolid,zastro_rectype,objects:savedsearch/customsearch563.xml,6
customrecord_zastro_po_consolid,zastro_rectype,objects:savedsearch/customsearch434.xml,5
customrecord_zastro_po_consolid,zastro_rectype,objects:savedsearch/customsearch945.xml,5
customrecord_zastro_po_consolid,zastro_rectype,objects:savedsearch/customsearch4051.xml,4
customrecord_zastro_po_consolid,zastro_rectype,objects:savedsearch/customsearch431.xml,4
customrecord_zastro_po_consolid,zastro_rectype,objects:savedsearch/customsearch448.xml,4
customrecord_zastro_po_consolid,zastro_rectype,objects:savedsearch/customsearch670.xml,4
customrecord_zastro_po_consolid,zastro_rectype,filecabinet:SuiteScripts/pr_sum_consolidated.js,3
customrecord_zastro_po_consolid,zastro_rectype,objects:savedsearch/customsearch1143.xml,3
customrecord_zastro_po_consolid,zastro_rectype,objects:savedsearch/customsearch462.xml,3
customrecord_zastro_po_consolid,zastro_rectype,objects:savedsearch/customsearch569.xml,3
customrecord_zastro_po_consolid,zastro_rectype,objects:savedsearch/customsearch949.xml,3
customrecord_zastro_po_consolid,zastro_rectype,filecabinet:SuiteScripts/cl_wf_bucket_consolidated.js,2
customrecord_zastro_po_consolid,zastro_rectype,filecabinet:SuiteScripts/prSetPOOnUnconsolPO.js,2
customrecord_zastro_po_consolid,zastro_rectype,filecabinet:SuiteScripts/pr_create_consol_po.js,2
customrecord_zastro_po_consolid,zastro_rectype,filecabinet:SuiteScripts/wf_consolidate_items.js,2
customrecord_zastro_po_consolid,zastro_rectype,filecabinet:SuiteScripts/wf_consolidate_items_mr.js,2
customrecord_zastro_po_consolid,zastro_rectype,objects:savedsearch/customsearch568.xml,2
customrecord_zastro_po_consolid,zastro_rectype,objects:savedsearch/customsearch608.xml,2
customrecord_zastro_po_consolid,zastro_rectype,objects:savedsearch/customsearch731.xml,2
customrecord_zastro_po_consolid,zastro_rectype,objects:savedsearch/customsearch733.xml,2
customrecord_zastro_po_consolid,zastro_rectype,objects:savedsearch/customsearchitemtransactionsublistview_3.xml,2
customrecord_zastro_po_consolid,zastro_rectype,objects:savedsearch/customsearchitemtransactionsublistview_4.xml,2
customrecord_zastro_po_consolid,zastro_rectype,filecabinet:SuiteScripts/pr_exis_sl.js,1
customrecord_zastro_po_consolid,zastro_rectype,filecabinet:SuiteScripts/pr_generate_po.js,1
customrecord_zastro_po_consolid,zastro_rectype,filecabinet:SuiteScripts/pr_loc_ue.js,1
customrecord_zastro_po_consolid,zastro_rectype,objects:savedsearch/customsearch1027.xml,1
customrecord_zastro_po_consolid,zastro_rectype,objects:savedsearch/customsearch1030.xml,1
customrecord_zastro_po_consolid,zastro_rectype,objects:savedsearch/customsearch1036.xml,1
customrecord_zastro_po_consolid,zastro_rectype,objects:savedsearch/customsearch1053.xml,1
customrecord_zastro_po_consolid,zastro_rectype,objects:savedsearch/customsearch1488.xml,1
customrecord_zastro_po_consolid,zastro_rectype,objects:savedsearch/customsearch1661.xml,1
customrecord_zastro_po_consolid,zastro_rectype,objects:savedsearch/customsearch2483.xml,1
customrecord_zastro_po_consolid,zastro_rectype,objects:savedsearch/customsearch2654.xml,1
customrecord_zastro_po_consolid,zastro_rectype,objects:savedsearch/customsearch420.xml,1
customrecord_zastro_po_consolid,zastro_rectype,objects:savedsearch/customsearch432.xml,1
customrecord_zastro_po_consolid,zastro_rectype,objects:savedsearch/customsearch447.xml,1
customrecord_zastro_po_consolid,zastro_rectype,objects:savedsearch/customsearch580.xml,1
customrecord_zastro_po_consolid,zastro_rectype,objects:savedsearch/customsearch586.xml,1
customrecord_zastro_po_consolid,zastro_rectype,objects:savedsearch/customsearch609.xml,1
customrecord_zastro_po_consolid,zastro_rectype,objects:savedsearch/customsearch617.xml,1
customrecord_zastro_po_consolid,zastro_rectype,objects:savedsearch/customsearch624.xml,1
customrecord_zastro_po_consolid,zastro_rectype,objects:savedsearch/customsearch682.xml,1
customrecord_zastro_po_consolid,zastro_rectype,objects:savedsearch/customsearch687.xml,1
customrecord_zastro_po_consolid,zastro_rectype,objects:savedsearch/customsearch732.xml,1
customrecord_zastro_po_consolid,zastro_rectype,objects:savedsearch/customsearch799.xml,1
customrecord_zastro_po_consolid,zastro_rectype,objects:savedsearch/customsearch940.xml,1
customrecord_zastro_po_consolid,zastro_rectype,objects:savedsearch/customsearch942.xml,1
customrecord_zastro_po_consolid,zastro_rectype,objects:savedsearch/customsearch951.xml,1
customrecord_zastro_po_consolid,zastro_rectype,objects:savedsearch/customsearch953.xml,1
customrecord_zastro_po_consolid,zastro_rectype,objects:transactioncolumncustomfield/custcol_illuminet_linked_po.xml,1
customrecord_zastro_po_consolid,zastro_rectype,objects:transactioncolumncustomfield/custcol_zastro_unconsolidated_no.xml,1
customrecord_zastro_po_consolid,zastro_rectype,objects:workflow/customworkflow18.xml,1
customrecord_zastro_po_consolid,zastro_rectype,objects:workflow/customworkflow24.xml,1
customrecord_zastro_unconsolidated_items,zastro_rectype,objects:savedsearch/customsearch617.xml,13
customrecord_zastro_unconsolidated_items,zastro_rectype,objects:savedsearch/customsearch1027.xml,9
customrecord_zastro_unconsolidated_items,zastro_rectype,objects:savedsearch/customsearch2654.xml,9
customrecord_zastro_unconsolidated_items,zastro_rectype,objects:savedsearch/customsearch420.xml,9
customrecord_zastro_unconsolidated_items,zastro_rectype,objects:savedsearch/customsearch609.xml,9
customrecord_zastro_unconsolidated_items,zastro_rectype,objects:savedsearch/customsearch624.xml,9
customrecord_zastro_unconsolidated_items,zastro_rectype,objects:savedsearch/customsearch953.xml,9
customrecord_zastro_unconsolidated_items,zastro_rectype,objects:savedsearch/customsearch1488.xml,8
customrecord_zastro_unconsolidated_items,zastro_rectype,objects:savedsearch/customsearch461.xml,7
customrecord_zastro_unconsolidated_items,zastro_rectype,objects:savedsearch/customsearch608.xml,7
customrecord_zastro_unconsolidated_items,zastro_rectype,objects:savedsearch/customsearch1030.xml,6
customrecord_zastro_unconsolidated_items,zastro_rectype,objects:savedsearch/customsearch1036.xml,6
customrecord_zastro_unconsolidated_items,zastro_rectype,objects:savedsearch/customsearch2483.xml,6
customrecord_zastro_unconsolidated_items,zastro_rectype,objects:savedsearch/customsearch4051.xml,6
customrecord_zastro_unconsolidated_items,zastro_rectype,objects:savedsearch/customsearch569.xml,6
customrecord_zastro_unconsolidated_items,zastro_rectype,objects:savedsearch/customsearch670.xml,6
customrecord_zastro_unconsolidated_items,zastro_rectype,objects:savedsearch/customsearch733.xml,6
customrecord_zastro_unconsolidated_items,zastro_rectype,filecabinet:SuiteScripts/pr_generate_po.js,5
customrecord_zastro_unconsolidated_items,zastro_rectype,objects:savedsearch/customsearch1053.xml,5
customrecord_zastro_unconsolidated_items,zastro_rectype,objects:savedsearch/customsearch1449.xml,5
customrecord_zastro_unconsolidated_items,zastro_rectype,objects:savedsearch/customsearch1661.xml,5
customrecord_zastro_unconsolidated_items,zastro_rectype,objects:savedsearch/customsearch586.xml,5
customrecord_zastro_unconsolidated_items,zastro_rectype,objects:savedsearch/customsearch447.xml,4
customrecord_zastro_unconsolidated_items,zastro_rectype,objects:savedsearch/customsearch799.xml,4
customrecord_zastro_unconsolidated_items,zastro_rectype,objects:savedsearch/customsearch940.xml,4
customrecord_zastro_unconsolidated_items,zastro_rectype,objects:savedsearch/customsearch942.xml,4
customrecord_zastro_unconsolidated_items,zastro_rectype,objects:savedsearch/customsearch988.xml,4
customrecord_zastro_unconsolidated_items,zastro_rectype,filecabinet:SuiteScripts/pr_china_con_sl.js,3
customrecord_zastro_unconsolidated_items,zastro_rectype,filecabinet:SuiteScripts/pr_create_consol_po.js,3
customrecord_zastro_unconsolidated_items,zastro_rectype,filecabinet:SuiteScripts/pr_loc_sl.js,3
customrecord_zastro_unconsolidated_items,zastro_rectype,filecabinet:SuiteScripts/pr_sl_hold_inv.js,3
customrecord_zastro_unconsolidated_items,zastro_rectype,objects:savedsearch/customsearch432.xml,3
customrecord_zastro_unconsolidated_items,zastro_rectype,objects:savedsearch/customsearch435.xml,3
customrecord_zastro_unconsolidated_items,zastro_rectype,filecabinet:SuiteScripts/pr_cl_edit_consol.js,2
customrecord_zastro_unconsolidated_items,zastro_rectype,filecabinet:SuiteScripts/pr_emailCSVRecRepV2.js,2
customrecord_zastro_unconsolidated_items,zastro_rectype,filecabinet:SuiteScripts/pr_ue_edit_consol.js,2
customrecord_zastro_unconsolidated_items,zastro_rectype,objects:savedsearch/customsearch950.xml,2
customrecord_zastro_unconsolidated_items,zastro_rectype,filecabinet:SuiteScripts/cl_wf_bucket_consolidated.js,1
customrecord_zastro_unconsolidated_items,zastro_rectype,filecabinet:SuiteScripts/illum_link_po_back_to_so.js,1
customrecord_zastro_unconsolidated_items,zastro_rectype,filecabinet:SuiteScripts/pr_emailCSVRecRep_sch.js,1
customrecord_zastro_unconsolidated_items,zastro_rectype,filecabinet:SuiteScripts/pr_emailCSVRecRep_sch2.js,1
customrecord_zastro_unconsolidated_items,zastro_rectype,filecabinet:SuiteScripts/pr_rec_report_sl.js,1
customrecord_zastro_unconsolidated_items,zastro_rectype,filecabinet:SuiteScripts/pr_sum_consolidated.js,1
customrecord_zastro_unconsolidated_items,zastro_rectype,filecabinet:SuiteScripts/suitelet_generate_code.js,1
customrecord_zastro_unconsolidated_items,zastro_rectype,filecabinet:SuiteScripts/wf_consolidate_items.js,1
customrecord_zastro_unconsolidated_items,zastro_rectype,filecabinet:SuiteScripts/wf_consolidate_items_mr.js,1
customrecord_zastro_unconsolidated_items,zastro_rectype,objects:entryform/custform_12_t2379072_644.xml,1
customrecord_zastro_unconsolidated_items,zastro_rectype,objects:savedsearch/customsearch732.xml,1
customworkflow31,workflow,objects:workflow/customworkflow31.xml,1
customworkflow35,workflow,objects:workflow/customworkflow35.xml,1
customworkflow42,workflow,objects:workflow/customworkflow42.xml,1
customworkflow59,workflow,objects:workflow/customworkflow59.xml,1
customworkflow_la_sku_to_item,workflow,objects:workflow/customworkflow_la_sku_to_item.xml,1
